index,Fund,Acct-Type,Acct-Div,Acct-Dept,Summ-Acct,GL-Account,2019-Actual,2020-Actual,2021-Budget,2022-Recommend,2023-Forecast
0,101: City General,REVENUES,General (Non-Departmental),101-000: Non Departmental-General Fund,41000: Total TAX REVENUES,PROPERTY TAX REVENUE,-275045271,-280548133,-274542432,-281901992,-287440350
1,101: City General,REVENUES,General (Non-Departmental),101-000: Non Departmental-General Fund,41000: Total TAX REVENUES,TANGIBLE TAX REVENUE,-51020530,-53083749,-56635839,-58519773,-59679372
2,101: City General,REVENUES,General (Non-Departmental),101-000: Non Departmental-General Fund,41000: Total TAX REVENUES,EXCISE TAX REVENUE,-22865816,-14961121,-13238754,-11407989,-8407989
3,101: City General,REVENUES,General (Non-Departmental),101-000: Non Departmental-General Fund,42000: Total GRANTS,PAYMENT IN LIEU OF TAXES,-33187319,-14199131,-34077915,-34027865,-34027865
4,101: City General,REVENUES,General (Non-Departmental),101-000: Non Departmental-General Fund,42000: Total GRANTS,SCHOOL DEBT CONSTRUCTION PAYMENTS,-23511102,-25608576,-21703485,-23260714,-21308536
5,101: City General,REVENUES,General (Non-Departmental),101-000: Non Departmental-General Fund,42000: Total GRANTS,TELEPHONE TAX,-2262538,-2234814,-2262538,-2234814,-2234814
6,101: City General,REVENUES,General (Non-Departmental),101-000: Non Departmental-General Fund,42000: Total GRANTS,ADDITIONAL STATE OF RI AID,0,0,0,-750000,-1000000
7,101: City General,REVENUES,General (Non-Departmental),101-000: Non Departmental-General Fund,42000: Total GRANTS,STATE REIMBURSEMENT EXCISE TAX,-11661930,-20503369,-8543070,-24588929,-27588929
8,101: City General,REVENUES,General (Non-Departmental),101-000: Non Departmental-General Fund,42000: Total GRANTS,DISTRESSED CITY REVENUE,-5606831,-5155694,-1120549,-5265375,-5265375
9,101: City General,REVENUES,General (Non-Departmental),101-000: Non Departmental-General Fund,42000: Total GRANTS,MEALS & BEVERAGES TAX,-5586483,-5252178,-4972708,-5282907,-6650532
10,101: City General,REVENUES,General (Non-Departmental),101-000: Non Departmental-General Fund,42100: Total FEDERAL GRANTS,CORONAVIRUS RELIEF FUNDS,0,0,-26494542,0,0
11,101: City General,REVENUES,General (Non-Departmental),101-000: Non Departmental-General Fund,42200: Total STATE GRANTS,STATE GRANT,0,-155408,0,0,0
12,101: City General,REVENUES,General (Non-Departmental),101-000: Non Departmental-General Fund,43000: Total DEPARTMENTAL REVENUE,D P REIMBURSE SCHOOL DEPARTMENT,0,0,-1009927,-1009927,-1009927
13,101: City General,REVENUES,General (Non-Departmental),101-000: Non Departmental-General Fund,43000: Total DEPARTMENTAL REVENUE,APPROVED REIMBURSEMENT WAIVER,0,0,1009927,1009927,1009927
14,101: City General,REVENUES,General (Non-Departmental),101-000: Non Departmental-General Fund,44000: Total FINES & FORFEITURES,FINES & FORFEITS / MOVING VIOLATIONS,-7397,-11886,0,0,0
15,101: City General,REVENUES,General (Non-Departmental),101-000: Non Departmental-General Fund,44000: Total FINES & FORFEITURES,FINES & FORFEITS/BOOTS,-178207,-38628,0,0,0
16,101: City General,REVENUES,General (Non-Departmental),101-000: Non Departmental-General Fund,44000: Total FINES & FORFEITURES,FINES $ FORFEITS/REG PARKING,-3911930,-2708591,0,0,0
17,101: City General,REVENUES,General (Non-Departmental),101-000: Non Departmental-General Fund,44000: Total FINES & FORFEITURES,FINES & FORFEITS / ENVIROMENTAL,-294254,-199995,0,0,0
18,101: City General,REVENUES,General (Non-Departmental),101-000: Non Departmental-General Fund,44000: Total FINES & FORFEITURES,FINES & FORFEITS INSTATE DELQ,-14220,-15365,-3180576,-3180576,-5000000
19,101: City General,REVENUES,General (Non-Departmental),101-000: Non Departmental-General Fund,45000: Total INVESTMENT INCOME,UNREALIZED INVESTMENT APPRECIATION,0,-2,0,0,0
20,101: City General,REVENUES,General (Non-Departmental),101-000: Non Departmental-General Fund,45100: Total INTEREST INCOME,INTEREST,-295606,-215768,-400000,-400000,-400000
21,101: City General,REVENUES,General (Non-Departmental),101-000: Non Departmental-General Fund,45100: Total INTEREST INCOME,INTEREST OVERDUE CITY TAXES,-4453848,-4157342,-4300000,-4300000,-4300000
22,101: City General,REVENUES,General (Non-Departmental),101-000: Non Departmental-General Fund,45100: Total INTEREST INCOME,INTEREST-PORTFOLIO,-101628,-302388,0,0,0
23,101: City General,REVENUES,General (Non-Departmental),101-000: Non Departmental-General Fund,48000: Total MISCELLANEOUS RECEIPTS,MISCELLANEOUS REVENUE,-48759,-56641,0,0,0
24,101: City General,REVENUES,General (Non-Departmental),101-000: Non Departmental-General Fund,48000: Total MISCELLANEOUS RECEIPTS,MISCELLANEOUS REVENUE- OTHER,-218,-3333,0,0,0
25,101: City General,REVENUES,General (Non-Departmental),101-000: Non Departmental-General Fund,48200: Total OTHER REVENUES,REIMBURSEMENT - W.S.B.,-839167,-839167,-839167,-839167,-839167
26,101: City General,REVENUES,General (Non-Departmental),101-000: Non Departmental-General Fund,48200: Total OTHER REVENUES,REIMBURSEMENTS,0,-1853,0,0,0
27,101: City General,REVENUES,General (Non-Departmental),101-000: Non Departmental-General Fund,48200: Total OTHER REVENUES,ROOM TAX,-1979745,-1848027,-786182,-1453471,-2418537
28,101: City General,REVENUES,General (Non-Departmental),101-000: Non Departmental-General Fund,48200: Total OTHER REVENUES,TAX STABILIZATION PLAN - ADMIN FEES,-114964,-438831,-35000,-35000,-35000
29,101: City General,REVENUES,General (Non-Departmental),101-000: Non Departmental-General Fund,48200: Total OTHER REVENUES,NON-UTILIZATION TAX,0,0,0,0,0
30,101: City General,REVENUES,General (Non-Departmental),101-000: Non Departmental-General Fund,48200: Total OTHER REVENUES,IN LIEU OF TAX ON EXEMPT PROPERTY,-15000,-15000,-15000,-15000,-15000
31,101: City General,REVENUES,General (Non-Departmental),101-000: Non Departmental-General Fund,48200: Total OTHER REVENUES,"PAYMENT IN LIEU OF TAXES: COLLEGES,UNIVERSITIES,HOSPITALS",-7678118,-7016472,-7658372,-7177936,-7177936
32,101: City General,REVENUES,General (Non-Departmental),101-000: Non Departmental-General Fund,48200: Total OTHER REVENUES,STABILIZATION TREATY - ELECTRIC CO,-7835000,-7810000,0,0,0
33,101: City General,REVENUES,General (Non-Departmental),101-000: Non Departmental-General Fund,48200: Total OTHER REVENUES,PROVIDENCE PLACE MALL,-779870,-991387,-970000,-970000,-970000
34,101: City General,REVENUES,General (Non-Departmental),101-000: Non Departmental-General Fund,48200: Total OTHER REVENUES,PILOT - PROVIDENCE HOUSING AUTHORITY,-122136,-134985,-140000,-140000,-140000
35,101: City General,REVENUES,General (Non-Departmental),101-000: Non Departmental-General Fund,48200: Total OTHER REVENUES,TAX STABILIZATION AGREEMENTS - REAL PROP,0,0,-12496805,-13329454,-16041490
36,101: City General,REVENUES,General (Non-Departmental),101-000: Non Departmental-General Fund,48200: Total OTHER REVENUES,TAX STABILIZATION AGREEMENTS - TANGIBLE PROP,0,0,-646415,-674323,-868189
37,101: City General,REVENUES,General (Non-Departmental),101-000: Non Departmental-General Fund,48200: Total OTHER REVENUES,PORT OF PROVIDENCE,-453829,-438033,-400000,-450000,-450000
38,101: City General,REVENUES,General (Non-Departmental),101-000: Non Departmental-General Fund,49000: Total TRANSFERS FROM FUNDS,TRANSFER FROM FUND 252,-1614340,-1590905,-1700000,-1700000,-1845000
39,101: City General,REVENUES,General (Non-Departmental),101-000: Non Departmental-General Fund,49000: Total TRANSFERS FROM FUNDS,TRANSFER FROM FUND 256,-179810,-122153,-100000,-100000,-250000
40,101: City General,REVENUES,General (Non-Departmental),101-000: Non Departmental-General Fund,49000: Total TRANSFERS FROM FUNDS,TRANSFER FROM ARPA FUND 263,0,0,0,-16357352,-10000000
41,101: City General,REVENUES,General (Non-Departmental),101-000: Non Departmental-General Fund,49000: Total TRANSFERS FROM FUNDS,TRANSFER FROM FUND 283,-4316529,-5437404,-5200000,-5200000,-5200000
42,101: City General,REVENUES,General (Non-Departmental),101-000: Non Departmental-General Fund,49000: Total TRANSFERS FROM FUNDS,TRANSFER FROM NO BURIAL GD (FD 801),-185812,-172046,-260000,-260000,-260000
43,101: City General,REVENUES,General (Non-Departmental),101-000: Non Departmental-General Fund,49000: Total TRANSFERS FROM FUNDS,TRANSFER FROM FUND 856 - CAPITAL ASSETS,0,-1195516,0,-3100000,0
44,101: City General,REVENUES,General (Non-Departmental),101-223: Debt Service,48000: Total MISCELLANEOUS RECEIPTS,MISCELLANEOUS REVENUE,-1321690,-2675675,-1682448,-1573221,-1482941
45,101: City General,REVENUES,General (Non-Departmental),101-227: Workers Compensation,48000: Total MISCELLANEOUS RECEIPTS,MISCELLANEOUS REVENUE,-33333,0,0,0,0
46,101: City General,REVENUES,City Council,101-103: City Clerk,43000: Total DEPARTMENTAL REVENUE,MISCELLANEOUS FEES,-22,-21,-60,-60,-60
47,101: City General,REVENUES,City Council,101-103: City Clerk,43000: Total DEPARTMENTAL REVENUE,CERTIFIED COPIES,-499,-324,-480,-480,0
48,101: City General,REVENUES,City Council,101-103: City Clerk,43000: Total DEPARTMENTAL REVENUE,AUCTIONEERS RETURN,-1347,-1438,-1200,-1200,-1200
49,101: City General,REVENUES,City Council,101-103: City Clerk,43000: Total DEPARTMENTAL REVENUE,GOING OUT OF BUSINESS LICENSE,0,-5,0,0,0
50,101: City General,REVENUES,City Council,101-103: City Clerk,43000: Total DEPARTMENTAL REVENUE,REGISTRATIONS - DBAS,-4245,-2980,-4200,-4200,-4200
51,101: City General,REVENUES,City Council,101-103: City Clerk,43000: Total DEPARTMENTAL REVENUE,ZONING BOOKS AND MAPS,-80,0,0,0,0
52,101: City General,REVENUES,City Council,101-103: City Clerk,43000: Total DEPARTMENTAL REVENUE,NOTARY FEES,-616,-1341,-1200,-1500,-1500
53,101: City General,REVENUES,City Council,101-103: City Clerk,43000: Total DEPARTMENTAL REVENUE,DRAFT COPIES,-564,-417,-120,-480,-480
54,101: City General,REVENUES,City Council,101-103: City Clerk,43000: Total DEPARTMENTAL REVENUE,ZONING CHANGES,-2025,-1900,-1200,-2400,-2400
55,101: City General,REVENUES,City Council,101-103: City Clerk,48000: Total MISCELLANEOUS RECEIPTS,MISCELLANEOUS REVENUE,-25,0,0,0,0
56,101: City General,REVENUES,City Council,101-103: City Clerk,48200: Total OTHER REVENUES,LOBBYING REGISTRATION FEES,0,-25,-1200,-1200,-1200
57,101: City General,REVENUES,City Council,101-209: Treasury,43000: Total DEPARTMENTAL REVENUE,MISCELLANEOUS FEES,551,-34,-48,-22,-22
58,101: City General,REVENUES,City Council,101-209: Treasury,48000: Total MISCELLANEOUS RECEIPTS,MISCELLANEOUS REVENUE,0,0,-54,-22,0
59,101: City General,REVENUES,Miscellaneous Departments,101-903: Vital Statistics,43000: Total DEPARTMENTAL REVENUE,MISCELLANEOUS FEES,-1520,-450,-1200,-1200,-1200
60,101: City General,REVENUES,Miscellaneous Departments,101-903: Vital Statistics,43000: Total DEPARTMENTAL REVENUE,CERTIFIED COPIES,-309406,-269479,-325300,-325300,0
61,101: City General,REVENUES,Miscellaneous Departments,101-903: Vital Statistics,43000: Total DEPARTMENTAL REVENUE,MARRIAGE LICENSES,-9382,-8054,-10200,-10000,-10740
62,101: City General,REVENUES,Miscellaneous Departments,101-904: Board of Canvassers,42500: Total MISCELLANEOUS GRANTS,OTHER SUBGRANTED REVENUES,0,0,0,0,0
63,101: City General,REVENUES,Miscellaneous Departments,101-904: Board of Canvassers,43000: Total DEPARTMENTAL REVENUE,CERTIFIED LISTS,-320,0,0,0,0
64,101: City General,REVENUES,Miscellaneous Departments,101-905: Bureau of Licenses,43000: Total DEPARTMENTAL REVENUE,MISCELLANEOUS FEES,-1676,-1535,-1301,-200,0
65,101: City General,REVENUES,Miscellaneous Departments,101-905: Bureau of Licenses,43000: Total DEPARTMENTAL REVENUE,LIQUOR LICENSES,-831378,-839263,-656000,-720000,-850000
66,101: City General,REVENUES,Miscellaneous Departments,101-905: Bureau of Licenses,43000: Total DEPARTMENTAL REVENUE,TOBACCO LICENSES,-23400,-23400,0,0,0
67,101: City General,REVENUES,Miscellaneous Departments,101-905: Bureau of Licenses,43000: Total DEPARTMENTAL REVENUE,DANCE & EXHIBITIONS,-164962,-117870,-78000,-96000,-156000
68,101: City General,REVENUES,Miscellaneous Departments,101-905: Bureau of Licenses,43000: Total DEPARTMENTAL REVENUE,JUNK GATHERERS,-1400,-1000,-1200,-1200,-1200
69,101: City General,REVENUES,Miscellaneous Departments,101-905: Bureau of Licenses,43000: Total DEPARTMENTAL REVENUE,PAWNBROKERS,-400,-600,-1500,-1500,-1200
70,101: City General,REVENUES,Miscellaneous Departments,101-905: Bureau of Licenses,43000: Total DEPARTMENTAL REVENUE,SECOND HAND STORES,-9000,-8700,-12000,-12000,-12000
71,101: City General,REVENUES,Miscellaneous Departments,101-905: Bureau of Licenses,43000: Total DEPARTMENTAL REVENUE,SUNDAY SALES,-109702,-124005,-110000,-109200,-110000
72,101: City General,REVENUES,Miscellaneous Departments,101-905: Bureau of Licenses,43000: Total DEPARTMENTAL REVENUE,DETECTIVES,-6587,-6280,-5000,-6000,-5000
73,101: City General,REVENUES,Miscellaneous Departments,101-905: Bureau of Licenses,43000: Total DEPARTMENTAL REVENUE,SUNDAY PARKING,-54125,-41078,-54000,-38400,-45000
74,101: City General,REVENUES,Miscellaneous Departments,101-905: Bureau of Licenses,43000: Total DEPARTMENTAL REVENUE,LAUNDRY,-1870,-1650,-2700,-2700,-2700
75,101: City General,REVENUES,Miscellaneous Departments,101-905: Bureau of Licenses,43000: Total DEPARTMENTAL REVENUE,FOOD DISPENSERS,-92760,-107303,-101000,-100800,-110000
76,101: City General,REVENUES,Miscellaneous Departments,101-905: Bureau of Licenses,43000: Total DEPARTMENTAL REVENUE,FROZEN DESSERTS,-1700,-450,0,0,0
77,101: City General,REVENUES,Miscellaneous Departments,101-905: Bureau of Licenses,43000: Total DEPARTMENTAL REVENUE,CONDUCT BUSINESS 1-4,-4700,-6050,-4900,-4920,-5000
78,101: City General,REVENUES,Miscellaneous Departments,101-905: Bureau of Licenses,43000: Total DEPARTMENTAL REVENUE,LICENSE TRANSFER,-450,-275,-375,-420,-375
79,101: City General,REVENUES,Miscellaneous Departments,101-905: Bureau of Licenses,43000: Total DEPARTMENTAL REVENUE,PEDDLERS BADGES,-10899,-2152,-11000,-6000,-22000
80,101: City General,REVENUES,Miscellaneous Departments,101-905: Bureau of Licenses,43000: Total DEPARTMENTAL REVENUE,IDPVD MUNICIPAL ID FEE,-23040,-18872,-10000,-27600,0
81,101: City General,REVENUES,Miscellaneous Departments,101-905: Bureau of Licenses,43000: Total DEPARTMENTAL REVENUE,FOOD TRUCKS,-8400,-7042,-9600,-8400,0
82,101: City General,REVENUES,Miscellaneous Departments,101-905: Bureau of Licenses,43000: Total DEPARTMENTAL REVENUE,ADVERTISING FEES,-74542,-75410,-76000,-78000,-76000
83,101: City General,REVENUES,Miscellaneous Departments,101-905: Bureau of Licenses,44000: Total FINES & FORFEITURES,FINES & PENALTIES,-67350,-38655,-36000,-30000,-45000
84,101: City General,REVENUES,Miscellaneous Departments,101-905: Bureau of Licenses,48000: Total MISCELLANEOUS RECEIPTS,MISCELLANEOUS REVENUE,-585,0,0,0,0
85,101: City General,REVENUES,Miscellaneous Departments,101-905: Bureau of Licenses,48000: Total MISCELLANEOUS RECEIPTS,ENTERTAINMENT,0,-35,0,0,0
86,101: City General,REVENUES,Miscellaneous Departments,101-905: Bureau of Licenses,48200: Total OTHER REVENUES,AMUSEMENT CENTER,-14850,-880,0,-900,-900
87,101: City General,REVENUES,Miscellaneous Departments,101-905: Bureau of Licenses,48200: Total OTHER REVENUES,BOUNCER REGISTRATION,-2025,-1125,-2000,-1200,-1200
88,101: City General,REVENUES,Miscellaneous Departments,101-905: Bureau of Licenses,48200: Total OTHER REVENUES,EXTENSION OF PREMISES FILE FEES,-26675,-33105,-24000,0,0
89,101: City General,REVENUES,Miscellaneous Departments,101-905: Bureau of Licenses,48200: Total OTHER REVENUES,HACKNEY CARRIAGE DRIVE,-148,-141,-1000,-600,-1000
90,101: City General,REVENUES,Miscellaneous Departments,101-905: Bureau of Licenses,48200: Total OTHER REVENUES,HACKNEY POWER VEHICLES,-1407,-67,-750,-360,-1500
91,101: City General,REVENUES,Miscellaneous Departments,101-905: Bureau of Licenses,48200: Total OTHER REVENUES,MECHANICAL DEVICES,0,-4400,-14000,-6900,-6900
92,101: City General,REVENUES,Miscellaneous Departments,101-905: Bureau of Licenses,48200: Total OTHER REVENUES,MOTOR VEHICLE REPAIR,-18400,-17100,-20000,-24000,-20000
93,101: City General,REVENUES,Miscellaneous Departments,101-905: Bureau of Licenses,48200: Total OTHER REVENUES,PETROLEUM  STORAGE,-16300,-23800,-17400,-19800,-19800
94,101: City General,REVENUES,Miscellaneous Departments,101-905: Bureau of Licenses,48200: Total OTHER REVENUES,VALET LICENSES,-3450,-3700,-2800,-3300,-6600
95,101: City General,REVENUES,Human Services,"101-916: Arts, Culture, Film, & Tourism",43000: Total DEPARTMENTAL REVENUE,VENDOR INCOME,-1110,-2415,-3000,-3000,-3000
96,101: City General,REVENUES,Human Services,"101-916: Arts, Culture, Film, & Tourism",43000: Total DEPARTMENTAL REVENUE,APPLICATION FEES,-8275,-5625,-10000,-13000,-13000
97,101: City General,REVENUES,Human Services,"101-916: Arts, Culture, Film, & Tourism",48000: Total MISCELLANEOUS RECEIPTS,MISCELLANEOUS REVENUE,-2175,-200,0,0,0
98,101: City General,REVENUES,Human Services,"101-916: Arts, Culture, Film, & Tourism",48200: Total OTHER REVENUES,PAYROLL REIMBURSEMENT,-118740,-118740,-108000,-123000,-115000
99,101: City General,REVENUES,City Courts,101-106: Municipal Court,48000: Total MISCELLANEOUS RECEIPTS,MISCELLANEOUS REVENUE,0,0,0,0,0
100,101: City General,REVENUES,City Courts,101-107: Probate Court,43000: Total DEPARTMENTAL REVENUE,CERTIFIED COPIES,-2846,-2481,-3168,-2628,0
101,101: City General,REVENUES,City Courts,101-107: Probate Court,43000: Total DEPARTMENTAL REVENUE,PROBATE COURT FEES,-1880,-3926,-2064,-1716,-2832
102,101: City General,REVENUES,City Courts,101-107: Probate Court,43000: Total DEPARTMENTAL REVENUE,ADVERTISING REVENUE,-24510,-17703,-24552,-20376,-24288
103,101: City General,REVENUES,City Courts,101-107: Probate Court,43000: Total DEPARTMENTAL REVENUE,NAME CHANGE FEES,-3857,-3613,-3648,-3024,-3432
104,101: City General,REVENUES,City Courts,101-107: Probate Court,43000: Total DEPARTMENTAL REVENUE,PETITION FOR ADMINISTRATION,-2730,-1650,-2616,-2172,-2484
105,101: City General,REVENUES,City Courts,101-107: Probate Court,43000: Total DEPARTMENTAL REVENUE,PETITION FOR GUARDIANSHIP,-3750,-2520,-3708,-3072,-3500
106,101: City General,REVENUES,City Courts,101-107: Probate Court,43000: Total DEPARTMENTAL REVENUE,CERTIFICATE OF APPOINTMENT,-2946,-2000,-2940,-2436,-2880
107,101: City General,REVENUES,City Courts,101-107: Probate Court,43000: Total DEPARTMENTAL REVENUE,PROBATE OF WILL,-3350,-2430,-4476,-3720,-5500
108,101: City General,REVENUES,City Courts,101-107: Probate Court,43000: Total DEPARTMENTAL REVENUE,ADDITIONAL PERCENTAGE,-91003,-64613,-113142,-93900,-114408
109,101: City General,REVENUES,City Courts,101-107: Probate Court,43000: Total DEPARTMENTAL REVENUE,AFFIDAVIT OF COMPLETED ADMIN.,-3831,-2850,-4032,-3348,-4000
110,101: City General,REVENUES,City Courts,101-110: Housing Court,43000: Total DEPARTMENTAL REVENUE,COURT COSTS,-26243,-18305,-20000,-20000,-20000
111,101: City General,REVENUES,City Courts,101-110: Housing Court,44000: Total FINES & FORFEITURES,FINES & FORFEITS,0,-200,0,0,0
112,101: City General,REVENUES,City Courts,101-110: Housing Court,48000: Total MISCELLANEOUS RECEIPTS,MISCELLANEOUS REVENUE,0,-886,0,0,0
113,101: City General,REVENUES,Public Property & Purchasing,101-1801: Public Property,43000: Total DEPARTMENTAL REVENUE,APPLICATION FEE-PLASTIC BAG BAN EXEMPTION,0,-1320,0,0,0
114,101: City General,REVENUES,Public Property & Purchasing,101-1801: Public Property,43000: Total DEPARTMENTAL REVENUE,ARAMARK ADD'L CAPITAL PROJECTS FINANCIAL COMMITMENT,-183168,-301980,0,-301155,-301155
115,101: City General,REVENUES,Public Property & Purchasing,101-1801: Public Property,45200: Total RENTAL INCOME,RENTAL INCOME,-80000,-80000,-126000,-80000,-126000
116,101: City General,REVENUES,Public Property & Purchasing,101-1801: Public Property,46200: Total INSURANCE CHARGES,INSURANCE PROCEEDS,0,-354193,0,0,0
117,101: City General,REVENUES,Public Property & Purchasing,101-1801: Public Property,48000: Total MISCELLANEOUS RECEIPTS,MISCELLANEOUS REVENUE,-4412,-25397,-3000,-3000,0
118,101: City General,REVENUES,Department of Inspections & Standards,101-401: Building Administration,43000: Total DEPARTMENTAL REVENUE,MISCELLANEOUS FEES,-672,-3332,0,0,0
119,101: City General,REVENUES,Department of Inspections & Standards,101-401: Building Administration,43000: Total DEPARTMENTAL REVENUE,BUILDING INSPECTOR MISCELLANEOUS,-3400,-1800,-3162,0,0
120,101: City General,REVENUES,Department of Inspections & Standards,101-401: Building Administration,43000: Total DEPARTMENTAL REVENUE,STRUCTURE ZONING,-4360898,-4078195,-4727432,-6159912,-6159912
121,101: City General,REVENUES,Department of Inspections & Standards,101-401: Building Administration,43000: Total DEPARTMENTAL REVENUE,PLUMBING DRAIN GAS,-289073,-259102,-266137,-375000,-375000
122,101: City General,REVENUES,Department of Inspections & Standards,101-401: Building Administration,43000: Total DEPARTMENTAL REVENUE,ELECTRICAL,-1052465,-966962,-1060513,-1450564,-1450564
123,101: City General,REVENUES,Department of Inspections & Standards,101-401: Building Administration,43000: Total DEPARTMENTAL REVENUE,MECHANICAL,-856720,-671229,-839172,-976600,-976600
124,101: City General,REVENUES,Department of Inspections & Standards,101-401: Building Administration,43000: Total DEPARTMENTAL REVENUE,STATE FEES - ADA,-10269,-36008,0,0,0
125,101: City General,REVENUES,Department of Inspections & Standards,101-401: Building Administration,43000: Total DEPARTMENTAL REVENUE,STATE FEES - RADON,0,-6465,0,0,0
126,101: City General,REVENUES,Department of Inspections & Standards,101-401: Building Administration,43000: Total DEPARTMENTAL REVENUE,INSPECTION VIOLATIONS,-1564,0,0,-100000,-100000
127,101: City General,REVENUES,Department of Inspections & Standards,101-401: Building Administration,43000: Total DEPARTMENTAL REVENUE,ABANDONED PROPERTIES REVENUE,-22300,-15700,-116148,-22000,-30000
128,101: City General,REVENUES,Department of Inspections & Standards,101-401: Building Administration,43000: Total DEPARTMENTAL REVENUE,BLDG/INSP-BOARDING LIEN REVENUE,-114858,-143175,-25862,-50000,-100000
129,101: City General,REVENUES,Department of Inspections & Standards,101-401: Building Administration,48000: Total MISCELLANEOUS RECEIPTS,MISCELLANEOUS REVENUE,-37611,-22168,-176163,0,0
130,101: City General,REVENUES,Department of Inspections & Standards,101-406: Zoning Board of Review,43000: Total DEPARTMENTAL REVENUE,ZONING APPLICATION FEES & HOUSING,-30667,-30252,-37200,-36000,-41952
131,101: City General,REVENUES,Department of Inspections & Standards,101-407: Building Board,43000: Total DEPARTMENTAL REVENUE,BUILDING APPLICATION FEES,-7480,-3520,-7680,-7040,-7040
132,101: City General,REVENUES,Parks,101-702: Neighborhood Park Services,42200: Total STATE GRANTS,STATE GRANT,0,0,0,0,0
133,101: City General,REVENUES,Parks,101-709: Superintendent of Parks,48200: Total OTHER REVENUES,PAYROLL REIMBURSEMENT,0,0,0,0,0
134,101: City General,REVENUES,Parks,101-710: North Burial Ground,43000: Total DEPARTMENTAL REVENUE,NO. BURIAL GROUNDS FEES,-414188,-490981,-340000,-340000,-340000
135,101: City General,REVENUES,Department of Public Works,101-305: Traffic Engineering,43000: Total DEPARTMENTAL REVENUE,PARKING METER CASH RETURNS,12,0,0,0,0
136,101: City General,REVENUES,Department of Public Works,101-305: Traffic Engineering,43000: Total DEPARTMENTAL REVENUE,PARKING METER REVENUE - PROVPASS,-4880,0,0,0,0
137,101: City General,REVENUES,Department of Public Works,101-305: Traffic Engineering,48000: Total MISCELLANEOUS RECEIPTS,MISCELLANEOUS REVENUE,-292378,-275690,-300000,-325000,0
138,101: City General,REVENUES,Department of Public Works,101-305: Traffic Engineering,48200: Total OTHER REVENUES,DETAIL SALARY REVENUE,-86180,-86200,-100000,-100000,-120000
139,101: City General,REVENUES,Department of Public Works,101-501: Public Works Administration,48000: Total MISCELLANEOUS RECEIPTS,MISCELLANEOUS REVENUE,0,-450,0,0,0
140,101: City General,REVENUES,Department of Public Works,101-506: Environmental Control,43000: Total DEPARTMENTAL REVENUE,GARBAGE RECEPTACLES,-35655,-26595,-40000,-55000,-55000
141,101: City General,REVENUES,Department of Public Works,101-506: Environmental Control,48200: Total OTHER REVENUES,CLEANUP COLLECTIONS,-12494,0,0,0,0
142,101: City General,REVENUES,Department of Public Works,101-508: Highway,43000: Total DEPARTMENTAL REVENUE,DUMPSTER FEES,-33000,-28830,-100000,-100000,-100000
143,101: City General,REVENUES,Department of Public Works,101-508: Highway,43000: Total DEPARTMENTAL REVENUE,CURBWORK,-9457,-9143,-10000,-10000,-10000
144,101: City General,REVENUES,Department of Public Works,101-508: Highway,43000: Total DEPARTMENTAL REVENUE,SIDEWALK CONTRACTORS,-8650,-8800,-10000,-10000,-10000
145,101: City General,REVENUES,Department of Public Works,101-508: Highway,43000: Total DEPARTMENTAL REVENUE,SIDEWLK STNDS; NEWS STNDS; ETC.,0,0,0,0,0
146,101: City General,REVENUES,Department of Public Works,101-508: Highway,43000: Total DEPARTMENTAL REVENUE,PERMITS REVENUE,-146144,-121335,-160000,-130000,-160000
147,101: City General,REVENUES,Department of Public Works,101-511: Sewer Construction,42200: Total STATE GRANTS,STATE GRANT,-325750,0,0,0,0
148,101: City General,REVENUES,Department of Public Works,101-511: Sewer Construction,43000: Total DEPARTMENTAL REVENUE,SEWER CONSTR & MAINT. DRAIN FEES,-9675,-8275,-10000,-11000,-11000
149,101: City General,REVENUES,Department of Public Works,101-516: Parking Administration,43000: Total DEPARTMENTAL REVENUE,PARKING PERMITS,-416082,-381891,-600000,-600000,-775000
150,101: City General,REVENUES,Department of Public Works,101-516: Parking Administration,43000: Total DEPARTMENTAL REVENUE,PARKING METER CASH RETURNS,-1240550,-1079590,-804000,-900000,-1200000
151,101: City General,REVENUES,Department of Public Works,101-516: Parking Administration,43000: Total DEPARTMENTAL REVENUE,PARKING METER REVENUE - PROVPASS,429,0,0,0,0
152,101: City General,REVENUES,Department of Public Works,101-516: Parking Administration,43000: Total DEPARTMENTAL REVENUE,PARKING CALE METERS,-2293073,-1923904,-1596000,-1600000,-3100000
153,101: City General,REVENUES,Office of Economic Opportunity,101-909: Office of Economic Opportunity,48000: Total MISCELLANEOUS RECEIPTS,MISCELLANEOUS REVENUE,0,-5400,0,0,0
154,101: City General,REVENUES,Planning & Urban Development,101-908: Planning & Urban Development,48000: Total MISCELLANEOUS RECEIPTS,MISCELLANEOUS REVENUE,-21102,-22332,0,0,0
155,101: City General,REVENUES,Public Safety,101-301: Commissioner of Public Safety,43000: Total DEPARTMENTAL REVENUE,VIN VERIFICATION,-156283,-151128,0,0,0
156,101: City General,REVENUES,Public Safety,101-302: Police,43000: Total DEPARTMENTAL REVENUE,MISCELLANEOUS FEES,-50,-43440,0,0,0
157,101: City General,REVENUES,Public Safety,101-302: Police,43000: Total DEPARTMENTAL REVENUE,OFFICER COURT FEES,-617,-584,-600,-600,-600
158,101: City General,REVENUES,Public Safety,101-302: Police,43000: Total DEPARTMENTAL REVENUE,BUREAU OF CRIME INDENTIFICATION,-9660,-11813,-13000,-10000,-13000
159,101: City General,REVENUES,Public Safety,101-302: Police,43000: Total DEPARTMENTAL REVENUE,POLICE PHOTO COPY,-174620,-280613,-240000,-150000,-229000
160,101: City General,REVENUES,Public Safety,101-302: Police,43000: Total DEPARTMENTAL REVENUE,FALSE POLICE ALARM BILLINGS REVENUE,-2070,0,-3000,-3000,-3000
161,101: City General,REVENUES,Public Safety,101-302: Police,43000: Total DEPARTMENTAL REVENUE,SCHOOL ZONE TRAFFIC CAMERAS,-3505024,-2822855,-2000000,-3448000,-3500000
162,101: City General,REVENUES,Public Safety,101-302: Police,43000: Total DEPARTMENTAL REVENUE,POLICE - RED LIGHT CAMERAS,-4395238,-4308353,-4000000,-4931000,-4400000
163,101: City General,REVENUES,Public Safety,101-302: Police,44000: Total FINES & FORFEITURES,FINES & PENALTIES (% STATE SUMMONS),-218791,-84509,-120000,-185000,-185000
164,101: City General,REVENUES,Public Safety,101-302: Police,46200: Total INSURANCE CHARGES,INSURANCE PROCEEDS,-21733,0,0,0,0
165,101: City General,REVENUES,Public Safety,101-302: Police,48000: Total MISCELLANEOUS RECEIPTS,MISCELLANEOUS REVENUE,-18354,-44541,-2400,-2000,0
166,101: City General,REVENUES,Public Safety,101-303: Fire,43000: Total DEPARTMENTAL REVENUE,MISCELLANEOUS FEES,0,-50,0,-50000,-50000
167,101: City General,REVENUES,Public Safety,101-303: Fire,43000: Total DEPARTMENTAL REVENUE,PLAN REVIEW FEES,-972799,-861746,-1239000,-750000,-1050000
168,101: City General,REVENUES,Public Safety,101-303: Fire,43000: Total DEPARTMENTAL REVENUE,RESCUE BILLINGS REVENUE,-58255,-36660,-50000,-48000,-60000
169,101: City General,REVENUES,Public Safety,101-303: Fire,43000: Total DEPARTMENTAL REVENUE,FIRE DEPARTMENT INSPECTIONS,-56230,-23700,-50000,-33500,-80000
170,101: City General,REVENUES,Public Safety,101-303: Fire,48000: Total MISCELLANEOUS RECEIPTS,MISCELLANEOUS REVENUE,-9828,-8784,-9000,-8000,0
171,101: City General,REVENUES,Public Safety,101-304: Communications,43000: Total DEPARTMENTAL REVENUE,MISCELLANEOUS FEES,-805799,-712062,-794532,-725000,-725000
172,101: City General,REVENUES,Public Safety,101-304: Communications,48000: Total MISCELLANEOUS RECEIPTS,TELEPHONE,-6657,-5799,-6000,-6800,-7000
173,101: City General,REVENUES,Public Safety,101-907: Emergency Mgmt / Homeland Sec.,42200: Total STATE GRANTS,STATE GRANT,-3675,-60817,-4000,-4000,0
174,101: City General,REVENUES,Public Safety,101-907: Emergency Mgmt / Homeland Sec.,48000: Total MISCELLANEOUS RECEIPTS,MISCELLANEOUS REVENUE,0,-200,-500,0,0
175,101: City General,REVENUES,Public Safety,101-907: Emergency Mgmt / Homeland Sec.,48200: Total OTHER REVENUES,CIVIL DEFENSE REIMBURSEMENT,-179282,-149190,-225000,-225000,-225000
176,101: City General,REVENUES,Personnel / Human Resources,101-212: Personnel,43000: Total DEPARTMENTAL REVENUE,WITNESS FEES,0,-22,0,0,0
177,101: City General,REVENUES,Personnel / Human Resources,101-212: Personnel,48000: Total MISCELLANEOUS RECEIPTS,MISCELLANEOUS REVENUE,-495,-1911,0,0,0
178,101: City General,REVENUES,Information Technology,101-204: Data Processing,48000: Total MISCELLANEOUS RECEIPTS,MISCELLANEOUS REVENUE,0,0,0,0,0
179,101: City General,REVENUES,Finance Departments,101-202: City Controller,48000: Total MISCELLANEOUS RECEIPTS,MISCELLANEOUS REVENUE,-16311,-14865,0,-14000,0
180,101: City General,REVENUES,Finance Departments,101-205: City Collector,43000: Total DEPARTMENTAL REVENUE,EXP OF COLLECT GENERAL PROPERTY TAX,-326208,-208211,-360000,-390000,-360000
181,101: City General,REVENUES,Finance Departments,101-205: City Collector,43000: Total DEPARTMENTAL REVENUE,SEARCHING RECORDS,-136951,-142261,-154008,-154008,-140000
182,101: City General,REVENUES,Finance Departments,101-205: City Collector,48000: Total MISCELLANEOUS RECEIPTS,MISCELLANEOUS REVENUE,0,-85,0,0,0
183,101: City General,REVENUES,Finance Departments,101-207: City Tax Assessor,48000: Total MISCELLANEOUS RECEIPTS,MISCELLANEOUS REVENUE,0,0,0,-420000,0
184,101: City General,REVENUES,Finance Departments,101-901: Recorder of Deeds,43000: Total DEPARTMENTAL REVENUE,CERTIFIED COPIES,-8,-15,0,0,0
185,101: City General,REVENUES,Finance Departments,101-901: Recorder of Deeds,43000: Total DEPARTMENTAL REVENUE,COPIES,-24496,-15441,-22980,-58800,0
186,101: City General,REVENUES,Finance Departments,101-901: Recorder of Deeds,43000: Total DEPARTMENTAL REVENUE,CUSTOMER USE OF COPY MACHINES,-19150,0,0,0,0
187,101: City General,REVENUES,Finance Departments,101-901: Recorder of Deeds,43000: Total DEPARTMENTAL REVENUE,RECORDER OF DEEDS FEES,-1146927,-1188384,-1568000,-1568000,-1568000
188,101: City General,REVENUES,Finance Departments,101-901: Recorder of Deeds,43000: Total DEPARTMENTAL REVENUE,IRS LIEN DISCHARGES,-5274,-5083,-4980,-3500,-4008
189,101: City General,REVENUES,Finance Departments,101-901: Recorder of Deeds,43000: Total DEPARTMENTAL REVENUE,NO. BURIAL GROUNDS FEES,-10406,-12384,0,0,0
190,101: City General,REVENUES,Finance Departments,101-901: Recorder of Deeds,48000: Total MISCELLANEOUS RECEIPTS,MISCELLANEOUS REVENUE,-9134,-9111,-9960,0,0
191,101: City General,REVENUES,Finance Departments,101-901: Recorder of Deeds,48200: Total OTHER REVENUES,RHODE ISLAND REAL ESTATE CONVEY TAX,-3721154,-2334090,-2200000,-2506350,-2506350
192,101: City General,REVENUES,Law Department / City Solicitor,101-105: Law Department,43000: Total DEPARTMENTAL REVENUE,MISCELLANEOUS FEES,0,0,-1200,-1200,-1200
193,101: City General,REVENUES,Law Department / City Solicitor,101-105: Law Department,48000: Total MISCELLANEOUS RECEIPTS,MISCELLANEOUS REVENUE,-44798,-14281,-75000,-60000,0
194,101: City General,EXPENSES,General (Non-Departmental),101-000: Non Departmental-General Fund,50000: Total PERSONNEL SALARIES,SALARIES,40,0,0,0,0
195,101: City General,EXPENSES,General (Non-Departmental),101-000: Non Departmental-General Fund,51000: Total EMPLOYEE BENEFITS,DENTAL INSURANCE,0,0,0,0,0
196,101: City General,EXPENSES,General (Non-Departmental),101-000: Non Departmental-General Fund,51000: Total EMPLOYEE BENEFITS,F.I.C.A.,0,0,0,0,0
197,101: City General,EXPENSES,General (Non-Departmental),101-000: Non Departmental-General Fund,51000: Total EMPLOYEE BENEFITS,TRANSFER TO ACTIVE MEDICAL INS FUND,0,0,0,0,0
198,101: City General,EXPENSES,General (Non-Departmental),101-000: Non Departmental-General Fund,52500: Total BANK CHARGES,TELLER SHORTAGE/OVERAGE,-67,5421,0,0,0
199,101: City General,EXPENSES,General (Non-Departmental),101-000: Non Departmental-General Fund,53500: Total OTHER SERVICES,MISC. EXPENSES,6035,0,0,0,0
200,101: City General,EXPENSES,General (Non-Departmental),101-000: Non Departmental-General Fund,55000: Total OTHER EXPENDITURES,CONTINGENCIES,521384,1005000,1090000,1090000,1090000
201,101: City General,EXPENSES,General (Non-Departmental),101-000: Non Departmental-General Fund,55000: Total OTHER EXPENDITURES,NEIGHBORHOOD REINVESTMENT,1207681,1778016,1500000,1500000,1500000
202,101: City General,EXPENSES,General (Non-Departmental),101-000: Non Departmental-General Fund,55000: Total OTHER EXPENDITURES,NEIGHBORHOOD SERVICES,269047,695000,478000,250000,250000
203,101: City General,EXPENSES,General (Non-Departmental),101-000: Non Departmental-General Fund,59000: Total TRANSFERS TO,RAINY DAY & DEFICIT REDUCTION,0,0,100000,100000,0
204,101: City General,EXPENSES,General (Non-Departmental),101-000: Non Departmental-General Fund,59000: Total TRANSFERS TO,TRANSFER TO SCHOOL CO. 10,128546611,130046611,130046611,134897350,139956001
205,101: City General,EXPENSES,General (Non-Departmental),101-000: Non Departmental-General Fund,59000: Total TRANSFERS TO,TRANSFER TO  FUND 351,30125,0,0,0,0
206,101: City General,EXPENSES,General (Non-Departmental),101-000: Non Departmental-General Fund,59000: Total TRANSFERS TO,TRANSFER TO MARY E SHARP TREE FUND 676,25000,0,0,0,0
207,101: City General,EXPENSES,General (Non-Departmental),101-000: Non Departmental-General Fund,59000: Total TRANSFERS TO,TRANSFER TO 829,535963,476860,0,0,0
208,101: City General,EXPENSES,General (Non-Departmental),101-000: Non Departmental-General Fund,59000: Total TRANSFERS TO,TRANSFER TO 830,0,688046,0,0,0
209,101: City General,EXPENSES,General (Non-Departmental),101-01803: Heat Power & Light,52400: Total UTILITIES,HEAT & LIGHT & POWER,5075227,6032397,4642960,4578247,4578247
210,101: City General,EXPENSES,General (Non-Departmental),101-1400: Grants Commissions & Misc.,55000: Total OTHER EXPENDITURES,GRANT EXPENDITURES,5621162,5902662,6304750,6354750,6354750
211,101: City General,EXPENSES,General (Non-Departmental),101-1500: Ceremonies,55000: Total OTHER EXPENDITURES,CEREMONIES,7500,7500,9030,9030,9030
212,101: City General,EXPENSES,General (Non-Departmental),101-223: Debt Service,52100: Total G&A SERVICES,DEBT SERVICE - PRINCIPAL,14797398,17584223,21855410,9446223,10068223
213,101: City General,EXPENSES,General (Non-Departmental),101-223: Debt Service,52100: Total G&A SERVICES,DEBT SERVICE - INTEREST,11123693,11672049,11954480,4234317,8249730
214,101: City General,EXPENSES,General (Non-Departmental),101-223: Debt Service,52100: Total G&A SERVICES,PRINCIPAL PAYMENTS -  MASTER LEASES,2647783,3371219,2659530,5520763,5608278
215,101: City General,EXPENSES,General (Non-Departmental),101-223: Debt Service,52100: Total G&A SERVICES,INTEREST PAYMENTS - MASTER LEASES,245745,245745,400597,640846,553333
216,101: City General,EXPENSES,General (Non-Departmental),101-223: Debt Service,52100: Total G&A SERVICES,DEBT SERVICE RESERVE,311000,661345,0,0,0
217,101: City General,EXPENSES,General (Non-Departmental),101-223: Debt Service,52100: Total G&A SERVICES,FISCAL AGENTS FEES,3742,361077,17103,0,0
218,101: City General,EXPENSES,General (Non-Departmental),101-223: Debt Service,53040: Total LEASE COSTS,PRINCIPAL  RENTAL PAYMENTS - PPBA,26716167,5432171,10410001,29864167,30279166
219,101: City General,EXPENSES,General (Non-Departmental),101-223: Debt Service,53040: Total LEASE COSTS,INTEREST RENTAL PAYMENTS - PPBA,7068048,21223227,8047154,16010029,14746465
220,101: City General,EXPENSES,General (Non-Departmental),101-227: Workers Compensation,51000: Total EMPLOYEE BENEFITS,DENTAL INSURANCE,5157,3335,0,0,0
221,101: City General,EXPENSES,General (Non-Departmental),101-227: Workers Compensation,51000: Total EMPLOYEE BENEFITS,MEDICAL SERVICES - WORKMANS COMPENS,290442,98632,360000,360000,360000
222,101: City General,EXPENSES,General (Non-Departmental),101-227: Workers Compensation,51000: Total EMPLOYEE BENEFITS,LABORERS INT'L PENSION,12502,9910,0,0,0
223,101: City General,EXPENSES,General (Non-Departmental),101-227: Workers Compensation,51000: Total EMPLOYEE BENEFITS,CITY OF PROVIDENCE PENSION EXPENSE,180,182,0,0,0
224,101: City General,EXPENSES,General (Non-Departmental),101-227: Workers Compensation,51000: Total EMPLOYEE BENEFITS,INJURY PAYMENTS,1299868,1359035,1426564,1455096,1455096
225,101: City General,EXPENSES,General (Non-Departmental),101-227: Workers Compensation,51000: Total EMPLOYEE BENEFITS,F.I.C.A.,80,48,0,0,0
226,101: City General,EXPENSES,General (Non-Departmental),101-227: Workers Compensation,51000: Total EMPLOYEE BENEFITS,LOCAL 1033 BENEFITS EXPENSE,14172,11386,0,0,0
227,101: City General,EXPENSES,General (Non-Departmental),101-227: Workers Compensation,51000: Total EMPLOYEE BENEFITS,TRANSFER TO ACTIVE MEDICAL INS FUND,275280,310567,0,0,0
228,101: City General,EXPENSES,General (Non-Departmental),101-227: Workers Compensation,52100: Total G&A SERVICES,FEES NOT CLASSIFIED,192005,179882,275000,220000,221540
229,101: City General,EXPENSES,General (Non-Departmental),101-227: Workers Compensation,53500: Total OTHER SERVICES,MISC. EXPENSES,48994,46532,55000,55000,55385
230,101: City General,EXPENSES,General (Non-Departmental),101-800: Benefits,51000: Total EMPLOYEE BENEFITS,EMPLOYEE DEATH BENEFITS,81782,126971,150000,130000,130000
231,101: City General,EXPENSES,General (Non-Departmental),101-800: Benefits,51000: Total EMPLOYEE BENEFITS,LABORERS INT'L PENSION,-20442,0,0,0,0
232,101: City General,EXPENSES,General (Non-Departmental),101-800: Benefits,51000: Total EMPLOYEE BENEFITS,STATE UNEMPLOY COMP,183920,213571,220000,220000,240000
233,101: City General,EXPENSES,General (Non-Departmental),101-800: Benefits,51000: Total EMPLOYEE BENEFITS,LOCAL 1033 BENEFITS EXPENSE,221966,187481,0,0,0
234,101: City General,EXPENSES,General (Non-Departmental),101-800: Benefits,51000: Total EMPLOYEE BENEFITS,TRANSFER TO RETIREE MEDICAL INS FUND,26039082,29134481,27757393,27212182,27756426
235,101: City General,EXPENSES,General (Non-Departmental),101-800: Benefits,53500: Total OTHER SERVICES,MISC. EXPENSES,411,0,0,0,0
236,101: City General,EXPENSES,City Council,101-102: City Council Members,50000: Total PERSONNEL SALARIES,SALARIES,285503,272021,285645,315173,318325
237,101: City General,EXPENSES,City Council,101-102: City Council Members,51000: Total EMPLOYEE BENEFITS,DENTAL INSURANCE,11441,9457,13704,13704,13704
238,101: City General,EXPENSES,City Council,101-102: City Council Members,51000: Total EMPLOYEE BENEFITS,CITY OF PROVIDENCE PENSION EXPENSE,70369,67246,78695,70068,73733
239,101: City General,EXPENSES,City Council,101-102: City Council Members,51000: Total EMPLOYEE BENEFITS,F.I.C.A.,20809,19997,21852,21852,22071
240,101: City General,EXPENSES,City Council,101-102: City Council Members,51000: Total EMPLOYEE BENEFITS,TRANSFER TO ACTIVE MEDICAL INS FUND,70376,49238,62175,72420,73868
241,101: City General,EXPENSES,City Council,101-102: City Council Members,52100: Total G&A SERVICES,POSTAGE,29588,34443,45000,45000,45000
242,101: City General,EXPENSES,City Council,101-102: City Council Members,53200: Total PROFESSIONAL FEES,AUDIT,0,0,50000,50000,50000
243,101: City General,EXPENSES,City Council,101-102: City Council Members,53500: Total OTHER SERVICES,MISC. EXPENSES,126852,276270,137000,107472,108224
244,101: City General,EXPENSES,City Council,101-102: City Council Members,54000: Total OFFICE SUPPLIES,STATIONERY,0,0,0,1500,1511
245,101: City General,EXPENSES,City Council,101-102: City Council Members,55000: Total OTHER EXPENDITURES,CONTINGENCIES,0,16042,40000,40000,40000
246,101: City General,EXPENSES,City Council,101-102: City Council Members,55000: Total OTHER EXPENDITURES,TRANSFER - COUNCIL CONTINGENCY,25,3500,40000,40000,40000
247,101: City General,EXPENSES,City Council,101-103: City Clerk,50000: Total PERSONNEL SALARIES,SALARIES,463826,495494,754734,729117,729117
248,101: City General,EXPENSES,City Council,101-103: City Clerk,50000: Total PERSONNEL SALARIES,SALARIES-TEMPORARIES,0,0,30000,30000,30000
249,101: City General,EXPENSES,City Council,101-103: City Clerk,50000: Total PERSONNEL SALARIES,OVERTIME,3178,9034,6000,6000,6000
250,101: City General,EXPENSES,City Council,101-103: City Clerk,50000: Total PERSONNEL SALARIES,SICK LEAVE,26091,30126,0,0,0
251,101: City General,EXPENSES,City Council,101-103: City Clerk,50000: Total PERSONNEL SALARIES,VACATION,58881,34128,0,0,0
252,101: City General,EXPENSES,City Council,101-103: City Clerk,50000: Total PERSONNEL SALARIES,CALL BACK,26988,15050,24000,24000,24000
253,101: City General,EXPENSES,City Council,101-103: City Clerk,50000: Total PERSONNEL SALARIES,HOLIDAY,39004,32738,0,0,0
254,101: City General,EXPENSES,City Council,101-103: City Clerk,50000: Total PERSONNEL SALARIES,LONGEVITY,28026,18343,21900,23773,24011
255,101: City General,EXPENSES,City Council,101-103: City Clerk,51000: Total EMPLOYEE BENEFITS,DENTAL INSURANCE,10195,9257,10008,10008,10008
256,101: City General,EXPENSES,City Council,101-103: City Clerk,51000: Total EMPLOYEE BENEFITS,LABORERS INT'L PENSION,35435,35918,36400,36400,36400
257,101: City General,EXPENSES,City Council,101-103: City Clerk,51000: Total EMPLOYEE BENEFITS,CITY OF PROVIDENCE PENSION EXPENSE,170751,174046,213436,181356,190841
258,101: City General,EXPENSES,City Council,101-103: City Clerk,51000: Total EMPLOYEE BENEFITS,F.I.C.A.,47734,46866,67304,76299,77062
259,101: City General,EXPENSES,City Council,101-103: City Clerk,51000: Total EMPLOYEE BENEFITS,AUTO ALLOWANCE,8208,0,0,0,0
260,101: City General,EXPENSES,City Council,101-103: City Clerk,51000: Total EMPLOYEE BENEFITS,LOCAL 1033 BENEFITS EXPENSE,29409,27110,27520,29120,30410
261,101: City General,EXPENSES,City Council,101-103: City Clerk,51000: Total EMPLOYEE BENEFITS,TRANSFER TO ACTIVE MEDICAL INS FUND,119663,112281,145262,165144,168447
262,101: City General,EXPENSES,City Council,101-103: City Clerk,52100: Total G&A SERVICES,POSTAGE,-459,36,240,240,240
263,101: City General,EXPENSES,City Council,101-103: City Clerk,52100: Total G&A SERVICES,ADVERTISING/MARKETING,66061,44285,84000,84000,84588
264,101: City General,EXPENSES,City Council,101-103: City Clerk,52100: Total G&A SERVICES,DUES & SUBSCRIPTIONS,26921,7801,2400,2400,2417
265,101: City General,EXPENSES,City Council,101-103: City Clerk,52100: Total G&A SERVICES,PRINTING,11220,6917,18000,18000,18126
266,101: City General,EXPENSES,City Council,101-103: City Clerk,52400: Total UTILITIES,TELEPHONE,1743,424,900,900,906
267,101: City General,EXPENSES,City Council,101-103: City Clerk,52700: Total TRAINING & DEVELOPMENT,TRAINING,0,6580,18000,18000,18000
268,101: City General,EXPENSES,City Council,101-103: City Clerk,52910: Total R&M OTHER,MAIN & SERVICE,20108,0,4800,4800,4834
269,101: City General,EXPENSES,City Council,101-103: City Clerk,53500: Total OTHER SERVICES,MISC. EXPENSES,2345,11677,36000,36000,36252
270,101: City General,EXPENSES,City Council,101-103: City Clerk,54000: Total OFFICE SUPPLIES,STATIONERY,9716,6232,5460,5460,5498
271,101: City General,EXPENSES,City Council,101-209: Treasury,50000: Total PERSONNEL SALARIES,SALARIES,307333,328240,385129,437640,442016
272,101: City General,EXPENSES,City Council,101-209: Treasury,50000: Total PERSONNEL SALARIES,OVERTIME,224,0,500,600,600
273,101: City General,EXPENSES,City Council,101-209: Treasury,50000: Total PERSONNEL SALARIES,SICK LEAVE,16226,17160,0,0,0
274,101: City General,EXPENSES,City Council,101-209: Treasury,50000: Total PERSONNEL SALARIES,VACATION,36268,32415,0,0,0
275,101: City General,EXPENSES,City Council,101-209: Treasury,50000: Total PERSONNEL SALARIES,HOLIDAY,22476,25364,0,0,0
276,101: City General,EXPENSES,City Council,101-209: Treasury,50000: Total PERSONNEL SALARIES,LONGEVITY,19082,21242,23500,22668,22895
277,101: City General,EXPENSES,City Council,101-209: Treasury,51000: Total EMPLOYEE BENEFITS,DENTAL INSURANCE,5955,5675,6828,6828,6828
278,101: City General,EXPENSES,City Council,101-209: Treasury,51000: Total EMPLOYEE BENEFITS,LABORERS INT'L PENSION,11123,9067,13650,13650,13650
279,101: City General,EXPENSES,City Council,101-209: Treasury,51000: Total EMPLOYEE BENEFITS,CITY OF PROVIDENCE PENSION EXPENSE,115770,123829,112604,129024,135772
280,101: City General,EXPENSES,City Council,101-209: Treasury,51000: Total EMPLOYEE BENEFITS,F.I.C.A.,29151,30532,34043,34124,34465
281,101: City General,EXPENSES,City Council,101-209: Treasury,51000: Total EMPLOYEE BENEFITS,LOCAL 1033 BENEFITS EXPENSE,9149,6843,10322,10920,11404
282,101: City General,EXPENSES,City Council,101-209: Treasury,51000: Total EMPLOYEE BENEFITS,TRANSFER TO ACTIVE MEDICAL INS FUND,68906,67063,85230,98640,100613
283,101: City General,EXPENSES,City Council,101-209: Treasury,52100: Total G&A SERVICES,POSTAGE,20237,21744,24996,26400,26400
284,101: City General,EXPENSES,City Council,101-209: Treasury,52100: Total G&A SERVICES,DUES & SUBSCRIPTIONS,0,0,500,600,604
285,101: City General,EXPENSES,City Council,101-209: Treasury,52100: Total G&A SERVICES,FISCAL AGENTS FEES,43568,41509,24000,25000,25175
286,101: City General,EXPENSES,City Council,101-209: Treasury,52900: Total R&M EQUIPMENT,REPAIRS TO OFFICE EQUIPMENT,243,147,1000,1200,1208
287,101: City General,EXPENSES,City Council,101-209: Treasury,53500: Total OTHER SERVICES,MISC. EXPENSES,12149,169,12000,14400,14501
288,101: City General,EXPENSES,City Council,101-209: Treasury,54000: Total OFFICE SUPPLIES,STATIONERY,1209,1755,2100,2100,2115
289,101: City General,EXPENSES,City Council,101-910: City Council Administration,50000: Total PERSONNEL SALARIES,SALARIES,506706,647471,845093,1150057,1161558
290,101: City General,EXPENSES,City Council,101-910: City Council Administration,50000: Total PERSONNEL SALARIES,SALARIES-TEMPORARIES,6363,9060,25000,20834,20834
291,101: City General,EXPENSES,City Council,101-910: City Council Administration,50000: Total PERSONNEL SALARIES,OVERTIME,996,1815,0,0,0
292,101: City General,EXPENSES,City Council,101-910: City Council Administration,50000: Total PERSONNEL SALARIES,SICK LEAVE,15269,29440,0,0,0
293,101: City General,EXPENSES,City Council,101-910: City Council Administration,50000: Total PERSONNEL SALARIES,VACATION,38637,35186,0,0,0
294,101: City General,EXPENSES,City Council,101-910: City Council Administration,50000: Total PERSONNEL SALARIES,HOLIDAY,37278,42629,0,0,0
295,101: City General,EXPENSES,City Council,101-910: City Council Administration,50000: Total PERSONNEL SALARIES,LONGEVITY,12743,11036,10978,11500,11615
296,101: City General,EXPENSES,City Council,101-910: City Council Administration,51000: Total EMPLOYEE BENEFITS,DENTAL INSURANCE,6008,7536,9240,9240,9240
297,101: City General,EXPENSES,City Council,101-910: City Council Administration,51000: Total EMPLOYEE BENEFITS,HEALTHCARE EE CASH PAYMENT,750,4750,0,0,0
298,101: City General,EXPENSES,City Council,101-910: City Council Administration,51000: Total EMPLOYEE BENEFITS,LABORERS INT'L PENSION,10090,15692,9100,9100,9100
299,101: City General,EXPENSES,City Council,101-910: City Council Administration,51000: Total EMPLOYEE BENEFITS,CITY OF PROVIDENCE PENSION EXPENSE,157885,221527,239594,230832,242905
300,101: City General,EXPENSES,City Council,101-910: City Council Administration,51000: Total EMPLOYEE BENEFITS,F.I.C.A.,46189,58294,70659,94534,95479
301,101: City General,EXPENSES,City Council,101-910: City Council Administration,51000: Total EMPLOYEE BENEFITS,LOCAL 1033 BENEFITS EXPENSE,8310,11844,6878,7280,7603
302,101: City General,EXPENSES,City Council,101-910: City Council Administration,51000: Total EMPLOYEE BENEFITS,TRANSFER TO ACTIVE MEDICAL INS FUND,67546,80287,91296,118080,120442
303,101: City General,EXPENSES,City Council,101-910: City Council Administration,52100: Total G&A SERVICES,POSTAGE,0,0,1200,1200,1200
304,101: City General,EXPENSES,City Council,101-910: City Council Administration,52100: Total G&A SERVICES,DUES & SUBSCRIPTIONS,289,3127,5700,7000,7049
305,101: City General,EXPENSES,City Council,101-910: City Council Administration,52100: Total G&A SERVICES,PRINTING,0,0,8000,6000,6042
306,101: City General,EXPENSES,City Council,101-910: City Council Administration,53100: Total TRAVEL & ENTERTAINMENT,TRANSPORTATION OF PERSONS-TRAINING,0,0,10000,15000,15000
307,101: City General,EXPENSES,City Council,101-910: City Council Administration,53400: Total CONTRACT SERVICES,PRIVATE CONTRACTORS,0,0,0,50000,50350
308,101: City General,EXPENSES,City Council,101-910: City Council Administration,53500: Total OTHER SERVICES,MISC. EXPENSES,15741,13660,30000,25000,25175
309,101: City General,EXPENSES,City Council,101-910: City Council Administration,54000: Total OFFICE SUPPLIES,STATIONERY,0,0,840,1200,1208
310,101: City General,EXPENSES,City Council,101-910: City Council Administration,54700: Total OTHER SUPPLY,MISCELLANEOUS MATERIALS AND SUPPLIES,13428,10849,20000,20000,20140
311,101: City General,EXPENSES,City Council,101-911: Office of the Internal Auditor,50000: Total PERSONNEL SALARIES,SALARIES,116494,174308,272144,303923,306962
312,101: City General,EXPENSES,City Council,101-911: Office of the Internal Auditor,50000: Total PERSONNEL SALARIES,SICK LEAVE,9735,7883,0,0,0
313,101: City General,EXPENSES,City Council,101-911: Office of the Internal Auditor,50000: Total PERSONNEL SALARIES,VACATION,11279,9633,0,0,0
314,101: City General,EXPENSES,City Council,101-911: Office of the Internal Auditor,50000: Total PERSONNEL SALARIES,HOLIDAY,9846,11997,0,0,0
315,101: City General,EXPENSES,City Council,101-911: Office of the Internal Auditor,50000: Total PERSONNEL SALARIES,LONGEVITY,5926,6165,6736,12887,13016
316,101: City General,EXPENSES,City Council,101-911: Office of the Internal Auditor,51000: Total EMPLOYEE BENEFITS,DENTAL INSURANCE,1436,1575,2280,2280,2280
317,101: City General,EXPENSES,City Council,101-911: Office of the Internal Auditor,51000: Total EMPLOYEE BENEFITS,CITY OF PROVIDENCE PENSION EXPENSE,44225,61136,76542,63708,67040
318,101: City General,EXPENSES,City Council,101-911: Office of the Internal Auditor,51000: Total EMPLOYEE BENEFITS,F.I.C.A.,11337,15496,22403,23457,23692
319,101: City General,EXPENSES,City Council,101-911: Office of the Internal Auditor,51000: Total EMPLOYEE BENEFITS,TRANSFER TO ACTIVE MEDICAL INS FUND,22509,25711,32678,37812,38568
320,101: City General,EXPENSES,City Council,101-911: Office of the Internal Auditor,52100: Total G&A SERVICES,FEES NOT CLASSIFIED,0,0,0,5472,5510
321,101: City General,EXPENSES,City Council,101-911: Office of the Internal Auditor,52100: Total G&A SERVICES,DUES & SUBSCRIPTIONS,258,165,700,1200,1208
322,101: City General,EXPENSES,City Council,101-911: Office of the Internal Auditor,52100: Total G&A SERVICES,PRINTING,0,0,0,3500,3525
323,101: City General,EXPENSES,City Council,101-911: Office of the Internal Auditor,53100: Total TRAVEL & ENTERTAINMENT,TRANSPORTATION OF PERSONS-TRAINING,500,2997,4600,4600,4600
324,101: City General,EXPENSES,City Council,101-911: Office of the Internal Auditor,53200: Total PROFESSIONAL FEES,AUDIT,249075,203426,335565,305000,305000
325,101: City General,EXPENSES,City Council,101-911: Office of the Internal Auditor,53500: Total OTHER SERVICES,MISC. EXPENSES,12182,8756,52500,52500,52868
326,101: City General,EXPENSES,City Council,101-911: Office of the Internal Auditor,54000: Total OFFICE SUPPLIES,OFFICE SUPPLIES,0,0,0,600,604
327,101: City General,EXPENSES,City Council,101-911: Office of the Internal Auditor,54000: Total OFFICE SUPPLIES,STATIONERY,484,97,420,200,201
328,101: City General,EXPENSES,City Council,101-911: Office of the Internal Auditor,54700: Total OTHER SUPPLY,MISCELLANEOUS MATERIALS AND SUPPLIES,0,489,700,400,403
329,101: City General,EXPENSES,City Council,101-913: Archives,50000: Total PERSONNEL SALARIES,SALARIES,165657,188761,214352,235311,237664
330,101: City General,EXPENSES,City Council,101-913: Archives,50000: Total PERSONNEL SALARIES,SALARIES-TEMPORARIES,0,1210,36000,36000,36000
331,101: City General,EXPENSES,City Council,101-913: Archives,50000: Total PERSONNEL SALARIES,SICK LEAVE,2581,3289,0,0,0
332,101: City General,EXPENSES,City Council,101-913: Archives,50000: Total PERSONNEL SALARIES,VACATION,4500,4846,0,0,0
333,101: City General,EXPENSES,City Council,101-913: Archives,50000: Total PERSONNEL SALARIES,HOLIDAY,11572,12205,0,0,0
334,101: City General,EXPENSES,City Council,101-913: Archives,50000: Total PERSONNEL SALARIES,LONGEVITY,0,0,0,2050,2071
335,101: City General,EXPENSES,City Council,101-913: Archives,51000: Total EMPLOYEE BENEFITS,DENTAL INSURANCE,3436,3372,3708,3708,3708
336,101: City General,EXPENSES,City Council,101-913: Archives,51000: Total EMPLOYEE BENEFITS,CITY OF PROVIDENCE PENSION EXPENSE,53164,60870,60287,63420,66737
337,101: City General,EXPENSES,City Council,101-913: Archives,51000: Total EMPLOYEE BENEFITS,F.I.C.A.,13447,15375,19995,20911,21120
338,101: City General,EXPENSES,City Council,101-913: Archives,51000: Total EMPLOYEE BENEFITS,TRANSFER TO ACTIVE MEDICAL INS FUND,39497,40320,51241,59304,60490
339,101: City General,EXPENSES,City Council,101-913: Archives,52100: Total G&A SERVICES,POSTAGE,3,23,240,240,240
340,101: City General,EXPENSES,City Council,101-913: Archives,52100: Total G&A SERVICES,DUES & SUBSCRIPTIONS,1032,828,1800,1800,1813
341,101: City General,EXPENSES,City Council,101-913: Archives,52100: Total G&A SERVICES,PRINTING,0,550,1200,1200,1208
342,101: City General,EXPENSES,City Council,101-913: Archives,52860: Total FURNITURE AND FIXTURES,OFFICE FURNITURE,39,2000,0,0,0
343,101: City General,EXPENSES,City Council,101-913: Archives,53100: Total TRAVEL & ENTERTAINMENT,TRANSPORTATION OF PERSONS-TRAINING,0,0,0,2500,2500
344,101: City General,EXPENSES,City Council,101-913: Archives,53500: Total OTHER SERVICES,MISC. EXPENSES,189291,110386,132000,112000,112784
345,101: City General,EXPENSES,City Council,101-913: Archives,54000: Total OFFICE SUPPLIES,OFFICE SUPPLIES,0,0,0,1500,1511
346,101: City General,EXPENSES,City Council,101-913: Archives,54000: Total OFFICE SUPPLIES,STATIONERY,2035,4586,3360,500,504
347,101: City General,EXPENSES,Miscellaneous Departments,101-903: Vital Statistics,50000: Total PERSONNEL SALARIES,SALARIES,144019,117520,148863,179705,181502
348,101: City General,EXPENSES,Miscellaneous Departments,101-903: Vital Statistics,50000: Total PERSONNEL SALARIES,OVERTIME,1957,128,0,1000,1000
349,101: City General,EXPENSES,Miscellaneous Departments,101-903: Vital Statistics,50000: Total PERSONNEL SALARIES,SICK LEAVE,6187,6253,0,0,0
350,101: City General,EXPENSES,Miscellaneous Departments,101-903: Vital Statistics,50000: Total PERSONNEL SALARIES,VACATION,17054,6443,0,0,0
351,101: City General,EXPENSES,Miscellaneous Departments,101-903: Vital Statistics,50000: Total PERSONNEL SALARIES,HOLIDAY,12014,8378,0,0,0
352,101: City General,EXPENSES,Miscellaneous Departments,101-903: Vital Statistics,50000: Total PERSONNEL SALARIES,LONGEVITY,6854,5577,5688,7086,7157
353,101: City General,EXPENSES,Miscellaneous Departments,101-903: Vital Statistics,51000: Total EMPLOYEE BENEFITS,DENTAL INSURANCE,4458,3166,5160,5160,5160
354,101: City General,EXPENSES,Miscellaneous Departments,101-903: Vital Statistics,51000: Total EMPLOYEE BENEFITS,LABORERS INT'L PENSION,16526,13774,18200,18200,18200
355,101: City General,EXPENSES,Miscellaneous Departments,101-903: Vital Statistics,51000: Total EMPLOYEE BENEFITS,CITY OF PROVIDENCE PENSION EXPENSE,53682,42929,45040,44736,47076
356,101: City General,EXPENSES,Miscellaneous Departments,101-903: Vital Statistics,51000: Total EMPLOYEE BENEFITS,F.I.C.A.,13617,10431,14501,15133,15284
357,101: City General,EXPENSES,Miscellaneous Departments,101-903: Vital Statistics,51000: Total EMPLOYEE BENEFITS,LOCAL 1033 BENEFITS EXPENSE,13602,10396,13756,14560,15205
358,101: City General,EXPENSES,Miscellaneous Departments,101-903: Vital Statistics,51000: Total EMPLOYEE BENEFITS,TRANSFER TO ACTIVE MEDICAL INS FUND,55162,36393,46520,53520,54590
359,101: City General,EXPENSES,Miscellaneous Departments,101-903: Vital Statistics,52100: Total G&A SERVICES,FEES NOT CLASSIFIED,0,0,0,2400,2417
360,101: City General,EXPENSES,Miscellaneous Departments,101-903: Vital Statistics,52100: Total G&A SERVICES,POSTAGE,1540,1819,1320,2000,2000
361,101: City General,EXPENSES,Miscellaneous Departments,101-903: Vital Statistics,52100: Total G&A SERVICES,DUES & SUBSCRIPTIONS,80,0,240,0,0
362,101: City General,EXPENSES,Miscellaneous Departments,101-903: Vital Statistics,52900: Total R&M EQUIPMENT,REPAIRS TO OFFICE EQUIPMENT,1221,0,0,240,242
363,101: City General,EXPENSES,Miscellaneous Departments,101-903: Vital Statistics,52910: Total R&M OTHER,COPIERS LEASE AND MAINTENANCE,0,1678,2500,6400,6445
364,101: City General,EXPENSES,Miscellaneous Departments,101-903: Vital Statistics,53500: Total OTHER SERVICES,MISC. EXPENSES,1531,433,3000,4320,4350
365,101: City General,EXPENSES,Miscellaneous Departments,101-903: Vital Statistics,54000: Total OFFICE SUPPLIES,STATIONERY,1452,1044,1190,1200,1208
366,101: City General,EXPENSES,Miscellaneous Departments,101-904: Board of Canvassers,50000: Total PERSONNEL SALARIES,SALARIES,288344,263749,319989,342944,346373
367,101: City General,EXPENSES,Miscellaneous Departments,101-904: Board of Canvassers,50000: Total PERSONNEL SALARIES,SALARIES-TEMPORARIES,43081,2934,43004,0,0
368,101: City General,EXPENSES,Miscellaneous Departments,101-904: Board of Canvassers,50000: Total PERSONNEL SALARIES,OVERTIME,35210,27572,40000,0,0
369,101: City General,EXPENSES,Miscellaneous Departments,101-904: Board of Canvassers,50000: Total PERSONNEL SALARIES,SICK LEAVE,9190,5263,0,0,0
370,101: City General,EXPENSES,Miscellaneous Departments,101-904: Board of Canvassers,50000: Total PERSONNEL SALARIES,VACATION,18995,9304,0,0,0
371,101: City General,EXPENSES,Miscellaneous Departments,101-904: Board of Canvassers,50000: Total PERSONNEL SALARIES,ELECTION OFFICIALS,221744,15819,225000,0,0
372,101: City General,EXPENSES,Miscellaneous Departments,101-904: Board of Canvassers,50000: Total PERSONNEL SALARIES,HOLIDAY,21325,16583,0,0,0
373,101: City General,EXPENSES,Miscellaneous Departments,101-904: Board of Canvassers,50000: Total PERSONNEL SALARIES,LONGEVITY,11506,7675,7907,8682,8769
374,101: City General,EXPENSES,Miscellaneous Departments,101-904: Board of Canvassers,51000: Total EMPLOYEE BENEFITS,DENTAL INSURANCE,6338,5645,6984,6984,6984
375,101: City General,EXPENSES,Miscellaneous Departments,101-904: Board of Canvassers,51000: Total EMPLOYEE BENEFITS,HEALTHCARE EE CASH PAYMENT,1500,1500,0,0,0
376,101: City General,EXPENSES,Miscellaneous Departments,101-904: Board of Canvassers,51000: Total EMPLOYEE BENEFITS,LABORERS INT'L PENSION,17956,14995,22750,22750,22750
377,101: City General,EXPENSES,Miscellaneous Departments,101-904: Board of Canvassers,51000: Total EMPLOYEE BENEFITS,CITY OF PROVIDENCE PENSION EXPENSE,98295,87827,89998,91512,96298
378,101: City General,EXPENSES,Miscellaneous Departments,101-904: Board of Canvassers,51000: Total EMPLOYEE BENEFITS,F.I.C.A.,32119,24709,51087,28046,28326
379,101: City General,EXPENSES,Miscellaneous Departments,101-904: Board of Canvassers,51000: Total EMPLOYEE BENEFITS,LOCAL 1033 BENEFITS EXPENSE,14774,11318,20642,18200,19006
380,101: City General,EXPENSES,Miscellaneous Departments,101-904: Board of Canvassers,51000: Total EMPLOYEE BENEFITS,TRANSFER TO ACTIVE MEDICAL INS FUND,49770,55997,72950,82356,84003
381,101: City General,EXPENSES,Miscellaneous Departments,101-904: Board of Canvassers,52100: Total G&A SERVICES,FEES NOT CLASSIFIED,37087,35607,40000,40000,40280
382,101: City General,EXPENSES,Miscellaneous Departments,101-904: Board of Canvassers,52100: Total G&A SERVICES,POSTAGE,54045,32121,36000,36000,36000
383,101: City General,EXPENSES,Miscellaneous Departments,101-904: Board of Canvassers,52100: Total G&A SERVICES,ADVERTISING/MARKETING,17916,3444,30000,15000,15105
384,101: City General,EXPENSES,Miscellaneous Departments,101-904: Board of Canvassers,52100: Total G&A SERVICES,DUES & SUBSCRIPTIONS,4557,150,1500,1300,1309
385,101: City General,EXPENSES,Miscellaneous Departments,101-904: Board of Canvassers,52100: Total G&A SERVICES,PRINTING,0,4423,10000,10000,10070
386,101: City General,EXPENSES,Miscellaneous Departments,101-904: Board of Canvassers,52800: Total EQUIPMENT,MACHINERY & EQUIPMENT,1717,198,2500,1000,1007
387,101: City General,EXPENSES,Miscellaneous Departments,101-904: Board of Canvassers,53000: Total RENT OTHER,RENTAL OF LAND AND BUILDINGS,4538,0,6000,4700,4733
388,101: City General,EXPENSES,Miscellaneous Departments,101-904: Board of Canvassers,53010: Total RENT EQUIPMENT,RENTAL OF EQUIPMENT,2321,756,3000,3000,3021
389,101: City General,EXPENSES,Miscellaneous Departments,101-904: Board of Canvassers,53500: Total OTHER SERVICES,MISC. EXPENSES,1217,406,3000,3000,3021
390,101: City General,EXPENSES,Miscellaneous Departments,101-904: Board of Canvassers,54000: Total OFFICE SUPPLIES,STATIONERY,25049,4161,21250,11000,11077
391,101: City General,EXPENSES,Miscellaneous Departments,101-905: Bureau of Licenses,50000: Total PERSONNEL SALARIES,SALARIES,319197,397498,435579,437334,441707
392,101: City General,EXPENSES,Miscellaneous Departments,101-905: Bureau of Licenses,50000: Total PERSONNEL SALARIES,SALARIES-TEMPORARIES,6717,0,0,0,0
393,101: City General,EXPENSES,Miscellaneous Departments,101-905: Bureau of Licenses,50000: Total PERSONNEL SALARIES,OVERTIME,6975,48,7000,7000,7000
394,101: City General,EXPENSES,Miscellaneous Departments,101-905: Bureau of Licenses,50000: Total PERSONNEL SALARIES,SICK LEAVE,31070,10924,0,0,0
395,101: City General,EXPENSES,Miscellaneous Departments,101-905: Bureau of Licenses,50000: Total PERSONNEL SALARIES,VACATION,25516,13923,0,0,0
396,101: City General,EXPENSES,Miscellaneous Departments,101-905: Bureau of Licenses,50000: Total PERSONNEL SALARIES,HOLIDAY,18417,19469,0,0,0
397,101: City General,EXPENSES,Miscellaneous Departments,101-905: Bureau of Licenses,50000: Total PERSONNEL SALARIES,LONGEVITY,7265,9648,9402,4754,4802
398,101: City General,EXPENSES,Miscellaneous Departments,101-905: Bureau of Licenses,50000: Total PERSONNEL SALARIES,DIFFERENTIAL PAY,326,678,1368,1404,1404
399,101: City General,EXPENSES,Miscellaneous Departments,101-905: Bureau of Licenses,50000: Total PERSONNEL SALARIES,ALTERNATIVE WORK WEEK,521,1086,1980,2040,2040
400,101: City General,EXPENSES,Miscellaneous Departments,101-905: Bureau of Licenses,51000: Total EMPLOYEE BENEFITS,DENTAL INSURANCE,5352,5892,7584,7584,7584
401,101: City General,EXPENSES,Miscellaneous Departments,101-905: Bureau of Licenses,51000: Total EMPLOYEE BENEFITS,HEALTHCARE EE CASH PAYMENT,0,1000,0,0,0
402,101: City General,EXPENSES,Miscellaneous Departments,101-905: Bureau of Licenses,51000: Total EMPLOYEE BENEFITS,LABORERS INT'L PENSION,15096,19628,22750,22750,22750
403,101: City General,EXPENSES,Miscellaneous Departments,101-905: Bureau of Licenses,51000: Total EMPLOYEE BENEFITS,CITY OF PROVIDENCE PENSION EXPENSE,85055,102314,128458,106608,112184
404,101: City General,EXPENSES,Miscellaneous Departments,101-905: Bureau of Licenses,51000: Total EMPLOYEE BENEFITS,F.I.C.A.,30852,33580,39212,35764,36122
405,101: City General,EXPENSES,Miscellaneous Departments,101-905: Bureau of Licenses,51000: Total EMPLOYEE BENEFITS,AUTO ALLOWANCE,2259,0,0,0,0
406,101: City General,EXPENSES,Miscellaneous Departments,101-905: Bureau of Licenses,51000: Total EMPLOYEE BENEFITS,LOCAL 1033 BENEFITS EXPENSE,12429,14814,17200,18200,19006
407,101: City General,EXPENSES,Miscellaneous Departments,101-905: Bureau of Licenses,51000: Total EMPLOYEE BENEFITS,TRANSFER TO ACTIVE MEDICAL INS FUND,79869,74643,93611,109788,111984
408,101: City General,EXPENSES,Miscellaneous Departments,101-905: Bureau of Licenses,52100: Total G&A SERVICES,FEES NOT CLASSIFIED,32281,25609,43000,30000,30210
409,101: City General,EXPENSES,Miscellaneous Departments,101-905: Bureau of Licenses,52100: Total G&A SERVICES,POSTAGE,2490,1987,2500,2550,2550
410,101: City General,EXPENSES,Miscellaneous Departments,101-905: Bureau of Licenses,52100: Total G&A SERVICES,ADVERTISING/MARKETING,39622,40618,45000,39000,39273
411,101: City General,EXPENSES,Miscellaneous Departments,101-905: Bureau of Licenses,52100: Total G&A SERVICES,PRINTING,761,378,2000,1500,1511
412,101: City General,EXPENSES,Miscellaneous Departments,101-905: Bureau of Licenses,52900: Total R&M EQUIPMENT,REPAIRS TO OFFICE EQUIPMENT,436,613,750,750,755
413,101: City General,EXPENSES,Miscellaneous Departments,101-905: Bureau of Licenses,53200: Total PROFESSIONAL FEES,LEGAL EXPENSES,50450,37200,39000,30000,30000
414,101: City General,EXPENSES,Miscellaneous Departments,101-905: Bureau of Licenses,53500: Total OTHER SERVICES,MISC. EXPENSES,411,0,500,900,906
415,101: City General,EXPENSES,Miscellaneous Departments,101-905: Bureau of Licenses,54000: Total OFFICE SUPPLIES,OFFICE SUPPLIES,0,0,0,1800,1813
416,101: City General,EXPENSES,Miscellaneous Departments,101-905: Bureau of Licenses,54000: Total OFFICE SUPPLIES,STATIONERY,1197,1280,1400,0,0
417,101: City General,EXPENSES,Human Services,101-1309: Housing Authority,50000: Total PERSONNEL SALARIES,SALARIES,6585,7545,7836,8000,8000
418,101: City General,EXPENSES,Human Services,101-1309: Housing Authority,51000: Total EMPLOYEE BENEFITS,F.I.C.A.,504,577,612,612,618
419,101: City General,EXPENSES,Human Services,101-1311: PERA,50000: Total PERSONNEL SALARIES,SALARIES,20471,86317,350501,425590,429846
420,101: City General,EXPENSES,Human Services,101-1311: PERA,50000: Total PERSONNEL SALARIES,SALARIES-TEMPORARIES,0,0,0,10000,10000
421,101: City General,EXPENSES,Human Services,101-1311: PERA,50000: Total PERSONNEL SALARIES,SICK LEAVE,0,0,0,0,0
422,101: City General,EXPENSES,Human Services,101-1311: PERA,50000: Total PERSONNEL SALARIES,VACATION,0,0,0,0,0
423,101: City General,EXPENSES,Human Services,101-1311: PERA,50000: Total PERSONNEL SALARIES,HOLIDAY,347,5662,0,0,0
424,101: City General,EXPENSES,Human Services,101-1311: PERA,51000: Total EMPLOYEE BENEFITS,DENTAL INSURANCE,93,378,1476,1476,1476
425,101: City General,EXPENSES,Human Services,101-1311: PERA,51000: Total EMPLOYEE BENEFITS,CITY OF PROVIDENCE PENSION EXPENSE,6016,26775,98580,27900,29359
426,101: City General,EXPENSES,Human Services,101-1311: PERA,51000: Total EMPLOYEE BENEFITS,F.I.C.A.,1563,6908,29536,34470,34815
427,101: City General,EXPENSES,Human Services,101-1311: PERA,51000: Total EMPLOYEE BENEFITS,TRANSFER TO ACTIVE MEDICAL INS FUND,1791,7305,9281,10740,10955
428,101: City General,EXPENSES,Human Services,101-1311: PERA,52100: Total G&A SERVICES,POSTAGE,0,0,1500,2000,2000
429,101: City General,EXPENSES,Human Services,101-1311: PERA,52100: Total G&A SERVICES,ADVERTISING/MARKETING,0,0,6996,30000,30210
430,101: City General,EXPENSES,Human Services,101-1311: PERA,52100: Total G&A SERVICES,DUES & SUBSCRIPTIONS,0,0,0,1200,1208
431,101: City General,EXPENSES,Human Services,101-1311: PERA,52100: Total G&A SERVICES,PRINTING,0,0,0,10000,10070
432,101: City General,EXPENSES,Human Services,101-1311: PERA,53100: Total TRAVEL & ENTERTAINMENT,TRAVEL,0,0,6000,25000,25000
433,101: City General,EXPENSES,Human Services,101-1311: PERA,53400: Total CONTRACT SERVICES,PRIVATE CONTRACTORS,0,0,18000,40000,40280
434,101: City General,EXPENSES,Human Services,101-1311: PERA,53400: Total CONTRACT SERVICES,CONTRACTUAL SERVICES/OTHER SERVICES,0,0,0,10000,10000
435,101: City General,EXPENSES,Human Services,101-1311: PERA,53500: Total OTHER SERVICES,MISC. EXPENSES,1043,46807,50000,84000,84588
436,101: City General,EXPENSES,Human Services,101-1311: PERA,54000: Total OFFICE SUPPLIES,STATIONERY,0,0,3500,0,0
437,101: City General,EXPENSES,Human Services,101-1319: League of Cities & Towns,52100: Total G&A SERVICES,DUES & SUBSCRIPTIONS,24123,55032,50690,50960,51317
438,101: City General,EXPENSES,Human Services,101-906: Human Relations,50000: Total PERSONNEL SALARIES,SALARIES,33984,24032,52668,57037,57607
439,101: City General,EXPENSES,Human Services,101-906: Human Relations,50000: Total PERSONNEL SALARIES,SICK LEAVE,2046,1885,0,0,0
440,101: City General,EXPENSES,Human Services,101-906: Human Relations,50000: Total PERSONNEL SALARIES,VACATION,1957,2698,0,0,0
441,101: City General,EXPENSES,Human Services,101-906: Human Relations,50000: Total PERSONNEL SALARIES,HOLIDAY,2846,1745,0,0,0
442,101: City General,EXPENSES,Human Services,101-906: Human Relations,51000: Total EMPLOYEE BENEFITS,DENTAL INSURANCE,0,160,360,360,360
443,101: City General,EXPENSES,Human Services,101-906: Human Relations,51000: Total EMPLOYEE BENEFITS,CITY OF PROVIDENCE PENSION EXPENSE,11800,8390,14813,8748,9206
444,101: City General,EXPENSES,Human Services,101-906: Human Relations,51000: Total EMPLOYEE BENEFITS,F.I.C.A.,3124,2266,4238,4366,4410
445,101: City General,EXPENSES,Human Services,101-906: Human Relations,51000: Total EMPLOYEE BENEFITS,TRANSFER TO ACTIVE MEDICAL INS FUND,0,3090,9281,4548,4639
446,101: City General,EXPENSES,Human Services,101-906: Human Relations,52100: Total G&A SERVICES,POSTAGE,240,0,0,0,0
447,101: City General,EXPENSES,Human Services,101-906: Human Relations,52100: Total G&A SERVICES,ADVERTISING/MARKETING,715,200,120,450,453
448,101: City General,EXPENSES,Human Services,101-906: Human Relations,52100: Total G&A SERVICES,PRINTING,810,0,0,0,0
449,101: City General,EXPENSES,Human Services,101-906: Human Relations,52100: Total G&A SERVICES,PROGRAM EXPENSE,0,743,13000,22100,22100
450,101: City General,EXPENSES,Human Services,101-906: Human Relations,52700: Total TRAINING & DEVELOPMENT,TRAINING,0,240,1000,4500,4500
451,101: City General,EXPENSES,Human Services,101-906: Human Relations,52880: Total OTHER CAPITAL EXPENSES,MISC PROJECT EXPENSE,74,0,0,0,0
452,101: City General,EXPENSES,Human Services,101-906: Human Relations,53400: Total CONTRACT SERVICES,CONTRACTUAL SERVICES,0,10631,15000,23500,23665
453,101: City General,EXPENSES,Human Services,101-906: Human Relations,53500: Total OTHER SERVICES,MISC. EXPENSES,4228,1912,0,0,0
454,101: City General,EXPENSES,Human Services,101-906: Human Relations,54000: Total OFFICE SUPPLIES,OFFICE SUPPLIES,0,0,0,450,453
455,101: City General,EXPENSES,Human Services,101-906: Human Relations,54000: Total OFFICE SUPPLIES,STATIONERY,150,166,0,0,0
456,101: City General,EXPENSES,Human Services,101-906: Human Relations,54700: Total OTHER SUPPLY,FOOD,736,518,1400,1400,1410
457,101: City General,EXPENSES,Human Services,"101-916: Arts, Culture, Film, & Tourism",50000: Total PERSONNEL SALARIES,SALARIES,285620,323815,301636,370109,373810
458,101: City General,EXPENSES,Human Services,"101-916: Arts, Culture, Film, & Tourism",50000: Total PERSONNEL SALARIES,SALARIES-TEMPORARIES,0,0,2000,2000,2000
459,101: City General,EXPENSES,Human Services,"101-916: Arts, Culture, Film, & Tourism",50000: Total PERSONNEL SALARIES,OVERTIME,16961,7677,19000,19000,19000
460,101: City General,EXPENSES,Human Services,"101-916: Arts, Culture, Film, & Tourism",50000: Total PERSONNEL SALARIES,SICK LEAVE,11547,8249,0,0,0
461,101: City General,EXPENSES,Human Services,"101-916: Arts, Culture, Film, & Tourism",50000: Total PERSONNEL SALARIES,VACATION,24035,13143,0,0,0
462,101: City General,EXPENSES,Human Services,"101-916: Arts, Culture, Film, & Tourism",50000: Total PERSONNEL SALARIES,HOLIDAY,23511,24006,0,0,0
463,101: City General,EXPENSES,Human Services,"101-916: Arts, Culture, Film, & Tourism",50000: Total PERSONNEL SALARIES,LONGEVITY,4433,4491,5103,6540,6605
464,101: City General,EXPENSES,Human Services,"101-916: Arts, Culture, Film, & Tourism",51000: Total EMPLOYEE BENEFITS,DENTAL INSURANCE,3473,3925,4332,4332,4332
465,101: City General,EXPENSES,Human Services,"101-916: Arts, Culture, Film, & Tourism",51000: Total EMPLOYEE BENEFITS,HEALTHCARE EE CASH PAYMENT,2000,2000,0,0,0
466,101: City General,EXPENSES,Human Services,"101-916: Arts, Culture, Film, & Tourism",51000: Total EMPLOYEE BENEFITS,CITY OF PROVIDENCE PENSION EXPENSE,98077,113900,93036,118680,124887
467,101: City General,EXPENSES,Human Services,"101-916: Arts, Culture, Film, & Tourism",51000: Total EMPLOYEE BENEFITS,F.I.C.A.,26335,27369,30179,31340,31653
468,101: City General,EXPENSES,Human Services,"101-916: Arts, Culture, Film, & Tourism",51000: Total EMPLOYEE BENEFITS,TRANSFER TO ACTIVE MEDICAL INS FUND,56551,63318,77420,93132,94995
469,101: City General,EXPENSES,Human Services,"101-916: Arts, Culture, Film, & Tourism",52100: Total G&A SERVICES,POSTAGE,60,0,300,300,300
470,101: City General,EXPENSES,Human Services,"101-916: Arts, Culture, Film, & Tourism",52100: Total G&A SERVICES,ADVERTISING/MARKETING,3489,8684,10500,10500,10574
471,101: City General,EXPENSES,Human Services,"101-916: Arts, Culture, Film, & Tourism",52100: Total G&A SERVICES,DUES & SUBSCRIPTIONS,6600,5950,3700,6500,6546
472,101: City General,EXPENSES,Human Services,"101-916: Arts, Culture, Film, & Tourism",52100: Total G&A SERVICES,PRINTING,9296,1300,6000,6000,6042
473,101: City General,EXPENSES,Human Services,"101-916: Arts, Culture, Film, & Tourism",52100: Total G&A SERVICES,TRANSPORTATION,6860,1531,3700,900,906
474,101: City General,EXPENSES,Human Services,"101-916: Arts, Culture, Film, & Tourism",53010: Total RENT EQUIPMENT,RENTALS NO CLASSIFIED,22155,8676,51100,51100,51458
475,101: City General,EXPENSES,Human Services,"101-916: Arts, Culture, Film, & Tourism",53400: Total CONTRACT SERVICES,CONTRACTUAL SERVICES/OTHER SERVICES,766197,700644,781250,800000,800000
476,101: City General,EXPENSES,Human Services,"101-916: Arts, Culture, Film, & Tourism",53500: Total OTHER SERVICES,MISC. EXPENSES,6276,61260,5000,5000,5035
477,101: City General,EXPENSES,Human Services,"101-916: Arts, Culture, Film, & Tourism",54000: Total OFFICE SUPPLIES,OFFICE SUPPLIES,0,0,0,700,705
478,101: City General,EXPENSES,Human Services,"101-916: Arts, Culture, Film, & Tourism",54000: Total OFFICE SUPPLIES,STATIONERY,148,765,700,0,0
479,101: City General,EXPENSES,Human Services,"101-916: Arts, Culture, Film, & Tourism",55000: Total OTHER EXPENDITURES,GRANT EXPENDITURES,128769,149217,150000,165000,165000
480,101: City General,EXPENSES,Human Services,101-917: Human Services,50000: Total PERSONNEL SALARIES,SALARIES,160256,149872,331294,394416,398360
481,101: City General,EXPENSES,Human Services,101-917: Human Services,50000: Total PERSONNEL SALARIES,SICK LEAVE,4906,7221,0,0,0
482,101: City General,EXPENSES,Human Services,101-917: Human Services,50000: Total PERSONNEL SALARIES,VACATION,14543,12809,0,0,0
483,101: City General,EXPENSES,Human Services,101-917: Human Services,50000: Total PERSONNEL SALARIES,HOLIDAY,10399,14924,0,0,0
484,101: City General,EXPENSES,Human Services,101-917: Human Services,50000: Total PERSONNEL SALARIES,LONGEVITY,1829,4074,6790,4401,4445
485,101: City General,EXPENSES,Human Services,101-917: Human Services,51000: Total EMPLOYEE BENEFITS,DENTAL INSURANCE,2873,3918,3348,3348,3348
486,101: City General,EXPENSES,Human Services,101-917: Human Services,51000: Total EMPLOYEE BENEFITS,HEALTHCARE EE CASH PAYMENT,0,1000,1000,0,0
487,101: City General,EXPENSES,Human Services,101-917: Human Services,51000: Total EMPLOYEE BENEFITS,CITY OF PROVIDENCE PENSION EXPENSE,54229,77264,83875,80508,84719
488,101: City General,EXPENSES,Human Services,101-917: Human Services,51000: Total EMPLOYEE BENEFITS,F.I.C.A.,13565,18820,25688,26650,26917
489,101: City General,EXPENSES,Human Services,101-917: Human Services,51000: Total EMPLOYEE BENEFITS,TRANSFER TO ACTIVE MEDICAL INS FUND,43123,55703,74490,81924,83562
490,101: City General,EXPENSES,Human Services,101-917: Human Services,52100: Total G&A SERVICES,POSTAGE,0,0,500,500,500
491,101: City General,EXPENSES,Human Services,101-917: Human Services,52100: Total G&A SERVICES,ADVERTISING/MARKETING,80,0,18250,20700,20845
492,101: City General,EXPENSES,Human Services,101-917: Human Services,52100: Total G&A SERVICES,DUES & SUBSCRIPTIONS,116,6522,15050,15050,15155
493,101: City General,EXPENSES,Human Services,101-917: Human Services,52100: Total G&A SERVICES,PRINTING,538,1110,4500,2000,2014
494,101: City General,EXPENSES,Human Services,101-917: Human Services,52100: Total G&A SERVICES,PROGRAM EXPENSE,73630,6336,286000,266000,266000
495,101: City General,EXPENSES,Human Services,101-917: Human Services,53400: Total CONTRACT SERVICES,CONTRACTUAL SERVICES,74638,102307,620000,1224500,1233072
496,101: City General,EXPENSES,Human Services,101-917: Human Services,53500: Total OTHER SERVICES,MISC. EXPENSES,27019,29573,15133,12885,12975
497,101: City General,EXPENSES,Human Services,101-917: Human Services,54000: Total OFFICE SUPPLIES,OFFICE SUPPLIES,0,0,0,2700,2719
498,101: City General,EXPENSES,Human Services,101-917: Human Services,54000: Total OFFICE SUPPLIES,STATIONERY,990,641,2000,2700,2719
499,101: City General,EXPENSES,Human Services,101-917: Human Services,54700: Total OTHER SUPPLY,FOOD,24692,16414,25550,25500,25679
500,101: City General,EXPENSES,Human Services,101-918: Parking Administration,50000: Total PERSONNEL SALARIES,SALARIES,7286,0,0,0,0
501,101: City General,EXPENSES,Human Services,101-918: Parking Administration,51000: Total EMPLOYEE BENEFITS,DENTAL INSURANCE,31,0,0,0,0
502,101: City General,EXPENSES,Human Services,101-918: Parking Administration,51000: Total EMPLOYEE BENEFITS,CITY OF PROVIDENCE PENSION EXPENSE,2106,0,0,0,0
503,101: City General,EXPENSES,Human Services,101-918: Parking Administration,51000: Total EMPLOYEE BENEFITS,F.I.C.A.,548,0,0,0,0
504,101: City General,EXPENSES,Human Services,101-918: Parking Administration,51000: Total EMPLOYEE BENEFITS,TRANSFER TO ACTIVE MEDICAL INS FUND,597,0,0,0,0
505,101: City General,EXPENSES,City Courts,101-106: Municipal Court,50000: Total PERSONNEL SALARIES,SALARIES,585103,620373,739653,753047,760577
506,101: City General,EXPENSES,City Courts,101-106: Municipal Court,50000: Total PERSONNEL SALARIES,OVERTIME,86009,74030,66000,30000,30000
507,101: City General,EXPENSES,City Courts,101-106: Municipal Court,50000: Total PERSONNEL SALARIES,SICK LEAVE,16759,13271,0,0,0
508,101: City General,EXPENSES,City Courts,101-106: Municipal Court,50000: Total PERSONNEL SALARIES,VACATION,37270,36435,0,0,0
509,101: City General,EXPENSES,City Courts,101-106: Municipal Court,50000: Total PERSONNEL SALARIES,HOLIDAY,44088,41257,0,0,0
510,101: City General,EXPENSES,City Courts,101-106: Municipal Court,50000: Total PERSONNEL SALARIES,LONGEVITY,24164,26904,29000,30157,30459
511,101: City General,EXPENSES,City Courts,101-106: Municipal Court,50000: Total PERSONNEL SALARIES,WITNESS FEE,0,0,1200,0,0
512,101: City General,EXPENSES,City Courts,101-106: Municipal Court,51000: Total EMPLOYEE BENEFITS,DENTAL INSURANCE,12828,11994,14040,14040,14040
513,101: City General,EXPENSES,City Courts,101-106: Municipal Court,51000: Total EMPLOYEE BENEFITS,LABORERS INT'L PENSION,41314,45333,59150,59150,59150
514,101: City General,EXPENSES,City Courts,101-106: Municipal Court,51000: Total EMPLOYEE BENEFITS,CITY OF PROVIDENCE PENSION EXPENSE,194184,205930,208030,214572,225794
515,101: City General,EXPENSES,City Courts,101-106: Municipal Court,51000: Total EMPLOYEE BENEFITS,F.I.C.A.,58779,60424,62662,63046,63676
516,101: City General,EXPENSES,City Courts,101-106: Municipal Court,51000: Total EMPLOYEE BENEFITS,LOCAL 1033 BENEFITS EXPENSE,34006,34216,44720,47320,49416
517,101: City General,EXPENSES,City Courts,101-106: Municipal Court,51000: Total EMPLOYEE BENEFITS,TRANSFER TO ACTIVE MEDICAL INS FUND,140555,122176,157041,179700,183294
518,101: City General,EXPENSES,City Courts,101-106: Municipal Court,52100: Total G&A SERVICES,WITNESS FEES,220,120,0,0,0
519,101: City General,EXPENSES,City Courts,101-106: Municipal Court,52100: Total G&A SERVICES,FEES NOT CLASSIFIED,16194,55194,7200,7200,7250
520,101: City General,EXPENSES,City Courts,101-106: Municipal Court,52100: Total G&A SERVICES,POSTAGE,1549,631,2400,2400,2400
521,101: City General,EXPENSES,City Courts,101-106: Municipal Court,52100: Total G&A SERVICES,PRINTING,0,0,900,900,906
522,101: City General,EXPENSES,City Courts,101-106: Municipal Court,52850: Total COMPUTER EQUIPMENT,COMPUTER EQUIPMENT,0,0,12000,12000,12084
523,101: City General,EXPENSES,City Courts,101-106: Municipal Court,54000: Total OFFICE SUPPLIES,STATIONERY,6211,3460,4200,4200,4229
524,101: City General,EXPENSES,City Courts,101-107: Probate Court,50000: Total PERSONNEL SALARIES,SALARIES,235722,242975,256054,330895,334204
525,101: City General,EXPENSES,City Courts,101-107: Probate Court,50000: Total PERSONNEL SALARIES,SICK LEAVE,15432,4289,0,0,0
526,101: City General,EXPENSES,City Courts,101-107: Probate Court,50000: Total PERSONNEL SALARIES,VACATION,18913,9813,0,0,0
527,101: City General,EXPENSES,City Courts,101-107: Probate Court,50000: Total PERSONNEL SALARIES,HOLIDAY,16206,14764,0,0,0
528,101: City General,EXPENSES,City Courts,101-107: Probate Court,50000: Total PERSONNEL SALARIES,LONGEVITY,9965,7898,9247,9524,9619
529,101: City General,EXPENSES,City Courts,101-107: Probate Court,51000: Total EMPLOYEE BENEFITS,DENTAL INSURANCE,5413,4701,5820,5820,5820
530,101: City General,EXPENSES,City Courts,101-107: Probate Court,51000: Total EMPLOYEE BENEFITS,LABORERS INT'L PENSION,13824,13600,13650,13650,13650
531,101: City General,EXPENSES,City Courts,101-107: Probate Court,51000: Total EMPLOYEE BENEFITS,CITY OF PROVIDENCE PENSION EXPENSE,85419,81432,74676,84852,89290
532,101: City General,EXPENSES,City Courts,101-107: Probate Court,51000: Total EMPLOYEE BENEFITS,F.I.C.A.,21038,19850,21924,22415,22639
533,101: City General,EXPENSES,City Courts,101-107: Probate Court,51000: Total EMPLOYEE BENEFITS,LOCAL 1033 BENEFITS EXPENSE,11374,10265,10322,10920,11404
534,101: City General,EXPENSES,City Courts,101-107: Probate Court,51000: Total EMPLOYEE BENEFITS,TRANSFER TO ACTIVE MEDICAL INS FUND,80121,70509,89609,103704,105778
535,101: City General,EXPENSES,City Courts,101-107: Probate Court,52100: Total G&A SERVICES,POSTAGE,761,646,900,900,900
536,101: City General,EXPENSES,City Courts,101-107: Probate Court,52100: Total G&A SERVICES,ADVERTISING/MARKETING,21178,16725,24552,24552,24724
537,101: City General,EXPENSES,City Courts,101-107: Probate Court,52100: Total G&A SERVICES,DUES & SUBSCRIPTIONS,367,425,450,450,453
538,101: City General,EXPENSES,City Courts,101-107: Probate Court,52100: Total G&A SERVICES,PRINTING,475,0,475,475,478
539,101: City General,EXPENSES,City Courts,101-107: Probate Court,52900: Total R&M EQUIPMENT,REPAIRS TO OFFICE EQUIPMENT,4574,6684,29745,29745,29953
540,101: City General,EXPENSES,City Courts,101-107: Probate Court,53500: Total OTHER SERVICES,MISC. EXPENSES,377,80,180,180,181
541,101: City General,EXPENSES,City Courts,101-107: Probate Court,54000: Total OFFICE SUPPLIES,STATIONERY,209,593,420,420,423
542,101: City General,EXPENSES,City Courts,101-110: Housing Court,50000: Total PERSONNEL SALARIES,SALARIES,216985,235691,256323,267190,269862
543,101: City General,EXPENSES,City Courts,101-110: Housing Court,50000: Total PERSONNEL SALARIES,SICK LEAVE,4245,3488,0,0,0
544,101: City General,EXPENSES,City Courts,101-110: Housing Court,50000: Total PERSONNEL SALARIES,VACATION,13360,8514,0,0,0
545,101: City General,EXPENSES,City Courts,101-110: Housing Court,50000: Total PERSONNEL SALARIES,HOLIDAY,9791,8921,0,0,0
546,101: City General,EXPENSES,City Courts,101-110: Housing Court,50000: Total PERSONNEL SALARIES,LONGEVITY,9020,9078,10763,12601,12727
547,101: City General,EXPENSES,City Courts,101-110: Housing Court,51000: Total EMPLOYEE BENEFITS,DENTAL INSURANCE,5958,5233,7488,7488,7488
548,101: City General,EXPENSES,City Courts,101-110: Housing Court,51000: Total EMPLOYEE BENEFITS,HEALTHCARE EE CASH PAYMENT,1500,1500,0,0,0
549,101: City General,EXPENSES,City Courts,101-110: Housing Court,51000: Total EMPLOYEE BENEFITS,LABORERS INT'L PENSION,8263,9067,13650,13650,13650
550,101: City General,EXPENSES,City Courts,101-110: Housing Court,51000: Total EMPLOYEE BENEFITS,CITY OF PROVIDENCE PENSION EXPENSE,73077,77343,72092,80592,84807
551,101: City General,EXPENSES,City Courts,101-110: Housing Court,51000: Total EMPLOYEE BENEFITS,F.I.C.A.,18303,19442,21196,21404,21618
552,101: City General,EXPENSES,City Courts,101-110: Housing Court,51000: Total EMPLOYEE BENEFITS,LOCAL 1033 BENEFITS EXPENSE,6801,6843,10322,10920,11404
553,101: City General,EXPENSES,City Courts,101-110: Housing Court,51000: Total EMPLOYEE BENEFITS,TRANSFER TO ACTIVE MEDICAL INS FUND,68532,57471,73042,84528,86219
554,101: City General,EXPENSES,City Courts,101-110: Housing Court,52100: Total G&A SERVICES,POSTAGE,905,309,1020,1020,1020
555,101: City General,EXPENSES,City Courts,101-110: Housing Court,52910: Total R&M OTHER,COPIERS LEASE AND MAINTENANCE,0,0,1600,1600,1611
556,101: City General,EXPENSES,City Courts,101-110: Housing Court,53500: Total OTHER SERVICES,MISC. EXPENSES,1773,2214,1220,1220,1229
557,101: City General,EXPENSES,Public Property & Purchasing,101-1801: Public Property,50000: Total PERSONNEL SALARIES,SALARIES,1312105,1445338,1717396,2115926,2137085
558,101: City General,EXPENSES,Public Property & Purchasing,101-1801: Public Property,50000: Total PERSONNEL SALARIES,SALARIES-TEMPORARIES,22042,8147,0,0,0
559,101: City General,EXPENSES,Public Property & Purchasing,101-1801: Public Property,50000: Total PERSONNEL SALARIES,OVERTIME,30196,37397,30000,35000,35000
560,101: City General,EXPENSES,Public Property & Purchasing,101-1801: Public Property,50000: Total PERSONNEL SALARIES,SICK LEAVE,52272,79334,0,0,0
561,101: City General,EXPENSES,Public Property & Purchasing,101-1801: Public Property,50000: Total PERSONNEL SALARIES,VACATION,99321,104624,0,0,0
562,101: City General,EXPENSES,Public Property & Purchasing,101-1801: Public Property,50000: Total PERSONNEL SALARIES,CALL BACK,0,611,0,0,0
563,101: City General,EXPENSES,Public Property & Purchasing,101-1801: Public Property,50000: Total PERSONNEL SALARIES,HOLIDAY,98332,100714,0,0,0
564,101: City General,EXPENSES,Public Property & Purchasing,101-1801: Public Property,50000: Total PERSONNEL SALARIES,LONGEVITY,37638,42392,39418,20739,20946
565,101: City General,EXPENSES,Public Property & Purchasing,101-1801: Public Property,50000: Total PERSONNEL SALARIES,DIFFERENTIAL PAY,12429,12156,10920,10920,10920
566,101: City General,EXPENSES,Public Property & Purchasing,101-1801: Public Property,50000: Total PERSONNEL SALARIES,ALTERNATIVE WORK WEEK,2494,2501,2076,2080,2080
567,101: City General,EXPENSES,Public Property & Purchasing,101-1801: Public Property,51000: Total EMPLOYEE BENEFITS,DENTAL INSURANCE,30144,28596,33480,33480,33480
568,101: City General,EXPENSES,Public Property & Purchasing,101-1801: Public Property,51000: Total EMPLOYEE BENEFITS,HEALTHCARE EE CASH PAYMENT,2000,1500,0,0,0
569,101: City General,EXPENSES,Public Property & Purchasing,101-1801: Public Property,51000: Total EMPLOYEE BENEFITS,LABORERS INT'L PENSION,117291,131478,146250,146250,146250
570,101: City General,EXPENSES,Public Property & Purchasing,101-1801: Public Property,51000: Total EMPLOYEE BENEFITS,CITY OF PROVIDENCE PENSION EXPENSE,447404,501077,492032,522120,549427
571,101: City General,EXPENSES,Public Property & Purchasing,101-1801: Public Property,51000: Total EMPLOYEE BENEFITS,F.I.C.A.,123229,134975,157557,151754,153272
572,101: City General,EXPENSES,Public Property & Purchasing,101-1801: Public Property,51000: Total EMPLOYEE BENEFITS,STIPENDS,0,0,0,0,0
573,101: City General,EXPENSES,Public Property & Purchasing,101-1801: Public Property,51000: Total EMPLOYEE BENEFITS,LOCAL 1033 BENEFITS EXPENSE,96544,99236,110566,117000,122183
574,101: City General,EXPENSES,Public Property & Purchasing,101-1801: Public Property,51000: Total EMPLOYEE BENEFITS,TRANSFER TO ACTIVE MEDICAL INS FUND,330785,341413,428250,502140,512183
575,101: City General,EXPENSES,Public Property & Purchasing,101-1801: Public Property,52000: Total DEPARTMENTAL SERVICES,REFUSE PROCESSING,0,0,0,15000,15105
576,101: City General,EXPENSES,Public Property & Purchasing,101-1801: Public Property,52100: Total G&A SERVICES,LIABILITY INSURANCE,0,0,0,74000,74518
577,101: City General,EXPENSES,Public Property & Purchasing,101-1801: Public Property,52100: Total G&A SERVICES,FEES NOT CLASSIFIED,1669672,1313817,1357500,1286700,1295707
578,101: City General,EXPENSES,Public Property & Purchasing,101-1801: Public Property,52100: Total G&A SERVICES,POSTAGE,802,431,2750,2852,2852
579,101: City General,EXPENSES,Public Property & Purchasing,101-1801: Public Property,52100: Total G&A SERVICES,DUES & SUBSCRIPTIONS,824,6784,4800,24142,24311
580,101: City General,EXPENSES,Public Property & Purchasing,101-1801: Public Property,52100: Total G&A SERVICES,PEST CONTROL,0,0,0,21600,21751
581,101: City General,EXPENSES,Public Property & Purchasing,101-1801: Public Property,52100: Total G&A SERVICES,PRINTING,0,0,0,19360,19496
582,101: City General,EXPENSES,Public Property & Purchasing,101-1801: Public Property,52700: Total TRAINING & DEVELOPMENT,TRAINING,0,0,0,350,350
583,101: City General,EXPENSES,Public Property & Purchasing,101-1801: Public Property,52800: Total EQUIPMENT,MACHINERY & EQUIPMENT,641119,0,0,0,0
584,101: City General,EXPENSES,Public Property & Purchasing,101-1801: Public Property,52880: Total OTHER CAPITAL EXPENSES,STRUCTURES & IMPROVEMENTS,108450,0,0,0,0
585,101: City General,EXPENSES,Public Property & Purchasing,101-1801: Public Property,52900: Total R&M EQUIPMENT,REPAIRS TO OFFICE EQUIPMENT,694,-345,2000,300,302
586,101: City General,EXPENSES,Public Property & Purchasing,101-1801: Public Property,52910: Total R&M OTHER,MAIN & SERVICE,102553,133568,149500,180479,181742
587,101: City General,EXPENSES,Public Property & Purchasing,101-1801: Public Property,52910: Total R&M OTHER,REPAIRS TO AUTOS & TRUCKS,14813,11844,30000,15000,15105
588,101: City General,EXPENSES,Public Property & Purchasing,101-1801: Public Property,52910: Total R&M OTHER,COPIERS LEASE AND MAINTENANCE,0,0,0,5000,5035
589,101: City General,EXPENSES,Public Property & Purchasing,101-1801: Public Property,52910: Total R&M OTHER,REPAIRS TO BUILDINGS,1170381,829563,1090000,872000,878104
590,101: City General,EXPENSES,Public Property & Purchasing,101-1801: Public Property,53000: Total RENT OTHER,RENTAL OF LAND AND BUILDINGS,0,0,0,98880,99572
591,101: City General,EXPENSES,Public Property & Purchasing,101-1801: Public Property,53010: Total RENT EQUIPMENT,RENTAL OF EQUIPMENT,16179,11731,13800,12000,12084
592,101: City General,EXPENSES,Public Property & Purchasing,101-1801: Public Property,53400: Total CONTRACT SERVICES,PRIVATE CONTRACTORS,370152,246605,285500,168000,169176
593,101: City General,EXPENSES,Public Property & Purchasing,101-1801: Public Property,53500: Total OTHER SERVICES,MISC. EXPENSES,90849,200379,100000,72000,72504
594,101: City General,EXPENSES,Public Property & Purchasing,101-1801: Public Property,54000: Total OFFICE SUPPLIES,OFFICE SUPPLIES,0,0,0,4500,4532
595,101: City General,EXPENSES,Public Property & Purchasing,101-1801: Public Property,54000: Total OFFICE SUPPLIES,STATIONERY,3037,2389,4550,5200,5236
596,101: City General,EXPENSES,Public Property & Purchasing,101-1801: Public Property,54000: Total OFFICE SUPPLIES,SMALL TOOLS   SHOP SUPPLIES,0,0,1000,0,0
597,101: City General,EXPENSES,Public Property & Purchasing,101-1801: Public Property,54270: Total HIGHWAY DEPT,LUBRICANTS,0,0,0,2700,2719
598,101: City General,EXPENSES,Public Property & Purchasing,101-1801: Public Property,54700: Total OTHER SUPPLY,FUEL,143878,122409,160000,132000,132924
599,101: City General,EXPENSES,Public Property & Purchasing,101-1801: Public Property,54700: Total OTHER SUPPLY,HOUSEKEEPING SUPPLIES,40002,37702,35000,36400,36655
600,101: City General,EXPENSES,Public Property & Purchasing,101-1801: Public Property,54700: Total OTHER SUPPLY,MIS PAINT SUPPLIES,33540,29611,26000,10000,10070
601,101: City General,EXPENSES,Public Property & Purchasing,101-1801: Public Property,54700: Total OTHER SUPPLY,MOTOR FUEL,1447691,1264599,1300000,1300000,1309100
602,101: City General,EXPENSES,Public Property & Purchasing,101-1801: Public Property,54700: Total OTHER SUPPLY,TIRES,0,0,0,600,604
603,101: City General,EXPENSES,Public Property & Purchasing,101-1801: Public Property,54700: Total OTHER SUPPLY,UNIFORMS/WEARING APPAREL,6986,6253,6500,12500,12588
604,101: City General,EXPENSES,Public Property & Purchasing,101-1801: Public Property,54700: Total OTHER SUPPLY,MISCELLANEOUS MATERIALS AND SUPPLIES,3188,16667,25000,18000,18126
605,101: City General,EXPENSES,Public Property & Purchasing,101-1801: Public Property,55000: Total OTHER EXPENDITURES,VARIOUS SCHOOL REHAB REHAB PROJECTS,0,197095,0,0,0
606,101: City General,EXPENSES,Public Property & Purchasing,101-1801: Public Property,GASB34: Total GASB34 ACCOUNTS,DEPRECIATION- STRUCTURES & IMPROVEMENTS,0,256,0,0,0
607,101: City General,EXPENSES,Public Property & Purchasing,101-1802: Purchasing,GASB34: Total GASB34 ACCOUNTS,DEPRECIATION- STRUCTURES & IMPROVEMENTS,0,-256,0,0,0
608,101: City General,EXPENSES,Department of Inspections & Standards,101-401: Building Administration,50000: Total PERSONNEL SALARIES,SALARIES,481185,503759,557491,669248,675940
609,101: City General,EXPENSES,Department of Inspections & Standards,101-401: Building Administration,50000: Total PERSONNEL SALARIES,OVERTIME,15622,7613,7000,0,0
610,101: City General,EXPENSES,Department of Inspections & Standards,101-401: Building Administration,50000: Total PERSONNEL SALARIES,SICK LEAVE,28955,25641,0,0,0
611,101: City General,EXPENSES,Department of Inspections & Standards,101-401: Building Administration,50000: Total PERSONNEL SALARIES,VACATION,42222,50705,0,0,0
612,101: City General,EXPENSES,Department of Inspections & Standards,101-401: Building Administration,50000: Total PERSONNEL SALARIES,HOLIDAY,39523,39769,0,0,0
613,101: City General,EXPENSES,Department of Inspections & Standards,101-401: Building Administration,50000: Total PERSONNEL SALARIES,LONGEVITY,18788,14390,13498,15255,15408
614,101: City General,EXPENSES,Department of Inspections & Standards,101-401: Building Administration,51000: Total EMPLOYEE BENEFITS,DENTAL INSURANCE,10319,9534,12828,12828,12828
615,101: City General,EXPENSES,Department of Inspections & Standards,101-401: Building Administration,51000: Total EMPLOYEE BENEFITS,HEALTHCARE EE CASH PAYMENT,0,2000,0,0,0
616,101: City General,EXPENSES,Department of Inspections & Standards,101-401: Building Administration,51000: Total EMPLOYEE BENEFITS,LABORERS INT'L PENSION,28942,35693,36400,36400,36400
617,101: City General,EXPENSES,Department of Inspections & Standards,101-401: Building Administration,51000: Total EMPLOYEE BENEFITS,CITY OF PROVIDENCE PENSION EXPENSE,176121,182281,170256,189936,199870
618,101: City General,EXPENSES,Department of Inspections & Standards,101-401: Building Administration,51000: Total EMPLOYEE BENEFITS,F.I.C.A.,45859,47604,52453,57010,57580
619,101: City General,EXPENSES,Department of Inspections & Standards,101-401: Building Administration,51000: Total EMPLOYEE BENEFITS,AUTO ALLOWANCE,1196,755,2000,0,0
620,101: City General,EXPENSES,Department of Inspections & Standards,101-401: Building Administration,51000: Total EMPLOYEE BENEFITS,LOCAL 1033 BENEFITS EXPENSE,23826,26940,27520,29120,30410
621,101: City General,EXPENSES,Department of Inspections & Standards,101-401: Building Administration,51000: Total EMPLOYEE BENEFITS,TRANSFER TO ACTIVE MEDICAL INS FUND,142178,130966,175159,192624,196476
622,101: City General,EXPENSES,Department of Inspections & Standards,101-401: Building Administration,52100: Total G&A SERVICES,POSTAGE,4072,4481,6000,6000,6000
623,101: City General,EXPENSES,Department of Inspections & Standards,101-401: Building Administration,52100: Total G&A SERVICES,ADVERTISING/MARKETING,20134,19235,20000,26244,26428
624,101: City General,EXPENSES,Department of Inspections & Standards,101-401: Building Administration,52100: Total G&A SERVICES,DUES & SUBSCRIPTIONS,10547,3847,20415,20415,20558
625,101: City General,EXPENSES,Department of Inspections & Standards,101-401: Building Administration,52100: Total G&A SERVICES,PRINTING,0,0,1200,1200,1208
626,101: City General,EXPENSES,Department of Inspections & Standards,101-401: Building Administration,52700: Total TRAINING & DEVELOPMENT,TRAINING,0,7299,17000,12000,12000
627,101: City General,EXPENSES,Department of Inspections & Standards,101-401: Building Administration,52860: Total FURNITURE AND FIXTURES,OFFICE FURNITURE,0,2117,0,0,0
628,101: City General,EXPENSES,Department of Inspections & Standards,101-401: Building Administration,52900: Total R&M EQUIPMENT,REPAIRS TO OFFICE EQUIPMENT,11385,12963,12000,12000,12084
629,101: City General,EXPENSES,Department of Inspections & Standards,101-401: Building Administration,53000: Total RENT OTHER,RENTAL OF LAND AND BUILDINGS,315332,359998,384000,395520,398289
630,101: City General,EXPENSES,Department of Inspections & Standards,101-401: Building Administration,53100: Total TRAVEL & ENTERTAINMENT,TRAVEL,5110,325,0,0,0
631,101: City General,EXPENSES,Department of Inspections & Standards,101-401: Building Administration,53200: Total PROFESSIONAL FEES,COURT REPORTERS,14192,9338,14004,14008,14106
632,101: City General,EXPENSES,Department of Inspections & Standards,101-401: Building Administration,53400: Total CONTRACT SERVICES,PRIVATE CONTRACTORS,298321,94738,255000,150000,151050
633,101: City General,EXPENSES,Department of Inspections & Standards,101-401: Building Administration,53500: Total OTHER SERVICES,MISC. EXPENSES,9681,12903,15000,15000,15105
634,101: City General,EXPENSES,Department of Inspections & Standards,101-401: Building Administration,54000: Total OFFICE SUPPLIES,STATIONERY,1589,2555,0,0,0
635,101: City General,EXPENSES,Department of Inspections & Standards,101-402: Structures & Zoning,50000: Total PERSONNEL SALARIES,SALARIES,574523,683973,858905,972254,981977
636,101: City General,EXPENSES,Department of Inspections & Standards,101-402: Structures & Zoning,50000: Total PERSONNEL SALARIES,OVERTIME,17152,8012,12000,0,0
637,101: City General,EXPENSES,Department of Inspections & Standards,101-402: Structures & Zoning,50000: Total PERSONNEL SALARIES,SICK LEAVE,30482,36598,0,0,0
638,101: City General,EXPENSES,Department of Inspections & Standards,101-402: Structures & Zoning,50000: Total PERSONNEL SALARIES,VACATION,44665,40727,0,0,0
639,101: City General,EXPENSES,Department of Inspections & Standards,101-402: Structures & Zoning,50000: Total PERSONNEL SALARIES,CALL BACK,5334,3154,0,0,0
640,101: City General,EXPENSES,Department of Inspections & Standards,101-402: Structures & Zoning,50000: Total PERSONNEL SALARIES,HOLIDAY,45457,46414,0,0,0
641,101: City General,EXPENSES,Department of Inspections & Standards,101-402: Structures & Zoning,50000: Total PERSONNEL SALARIES,LONGEVITY,11800,14956,16896,17139,17310
642,101: City General,EXPENSES,Department of Inspections & Standards,101-402: Structures & Zoning,51000: Total EMPLOYEE BENEFITS,DENTAL INSURANCE,14658,15748,18960,18960,18960
643,101: City General,EXPENSES,Department of Inspections & Standards,101-402: Structures & Zoning,51000: Total EMPLOYEE BENEFITS,LABORERS INT'L PENSION,59111,73056,91000,91000,91000
644,101: City General,EXPENSES,Department of Inspections & Standards,101-402: Structures & Zoning,51000: Total EMPLOYEE BENEFITS,CITY OF PROVIDENCE PENSION EXPENSE,200851,240559,255025,250656,263765
645,101: City General,EXPENSES,Department of Inspections & Standards,101-402: Structures & Zoning,51000: Total EMPLOYEE BENEFITS,F.I.C.A.,55055,61502,84989,85234,86086
646,101: City General,EXPENSES,Department of Inspections & Standards,101-402: Structures & Zoning,51000: Total EMPLOYEE BENEFITS,AUTO ALLOWANCE,25601,9412,0,0,0
647,101: City General,EXPENSES,Department of Inspections & Standards,101-402: Structures & Zoning,51000: Total EMPLOYEE BENEFITS,LOCAL 1033 BENEFITS EXPENSE,47690,55140,68796,72800,76025
648,101: City General,EXPENSES,Department of Inspections & Standards,101-402: Structures & Zoning,51000: Total EMPLOYEE BENEFITS,TRANSFER TO ACTIVE MEDICAL INS FUND,199512,217395,276876,319740,326135
649,101: City General,EXPENSES,Department of Inspections & Standards,101-403: Plumbing Drainage & Gas Piping,50000: Total PERSONNEL SALARIES,SALARIES,201674,213100,232233,262968,265598
650,101: City General,EXPENSES,Department of Inspections & Standards,101-403: Plumbing Drainage & Gas Piping,50000: Total PERSONNEL SALARIES,OVERTIME,0,0,804,0,0
651,101: City General,EXPENSES,Department of Inspections & Standards,101-403: Plumbing Drainage & Gas Piping,50000: Total PERSONNEL SALARIES,SICK LEAVE,12260,8088,0,0,0
652,101: City General,EXPENSES,Department of Inspections & Standards,101-403: Plumbing Drainage & Gas Piping,50000: Total PERSONNEL SALARIES,VACATION,15661,14484,0,0,0
653,101: City General,EXPENSES,Department of Inspections & Standards,101-403: Plumbing Drainage & Gas Piping,50000: Total PERSONNEL SALARIES,HOLIDAY,16507,14952,0,0,0
654,101: City General,EXPENSES,Department of Inspections & Standards,101-403: Plumbing Drainage & Gas Piping,50000: Total PERSONNEL SALARIES,LONGEVITY,7810,10320,10526,10737,10844
655,101: City General,EXPENSES,Department of Inspections & Standards,101-403: Plumbing Drainage & Gas Piping,51000: Total EMPLOYEE BENEFITS,DENTAL INSURANCE,4414,4087,3912,3912,3912
656,101: City General,EXPENSES,Department of Inspections & Standards,101-403: Plumbing Drainage & Gas Piping,51000: Total EMPLOYEE BENEFITS,LABORERS INT'L PENSION,16367,17784,18200,18200,18200
657,101: City General,EXPENSES,Department of Inspections & Standards,101-403: Plumbing Drainage & Gas Piping,51000: Total EMPLOYEE BENEFITS,CITY OF PROVIDENCE PENSION EXPENSE,73258,77137,68044,80376,84580
658,101: City General,EXPENSES,Department of Inspections & Standards,101-403: Plumbing Drainage & Gas Piping,51000: Total EMPLOYEE BENEFITS,F.I.C.A.,19412,19264,20715,22243,22465
659,101: City General,EXPENSES,Department of Inspections & Standards,101-403: Plumbing Drainage & Gas Piping,51000: Total EMPLOYEE BENEFITS,AUTO ALLOWANCE,9412,0,0,0,0
660,101: City General,EXPENSES,Department of Inspections & Standards,101-403: Plumbing Drainage & Gas Piping,51000: Total EMPLOYEE BENEFITS,LOCAL 1033 BENEFITS EXPENSE,13472,13423,13756,14560,15205
661,101: City General,EXPENSES,Department of Inspections & Standards,101-403: Plumbing Drainage & Gas Piping,51000: Total EMPLOYEE BENEFITS,TRANSFER TO ACTIVE MEDICAL INS FUND,62518,57263,72415,84216,85900
662,101: City General,EXPENSES,Department of Inspections & Standards,101-404: Electrical Installation,50000: Total PERSONNEL SALARIES,SALARIES,121294,132643,146670,182349,184172
663,101: City General,EXPENSES,Department of Inspections & Standards,101-404: Electrical Installation,50000: Total PERSONNEL SALARIES,OVERTIME,16782,11364,12000,0,0
664,101: City General,EXPENSES,Department of Inspections & Standards,101-404: Electrical Installation,50000: Total PERSONNEL SALARIES,SICK LEAVE,3786,2003,0,0,0
665,101: City General,EXPENSES,Department of Inspections & Standards,101-404: Electrical Installation,50000: Total PERSONNEL SALARIES,VACATION,11215,3928,0,0,0
666,101: City General,EXPENSES,Department of Inspections & Standards,101-404: Electrical Installation,50000: Total PERSONNEL SALARIES,CALL BACK,397,3554,3600,0,0
667,101: City General,EXPENSES,Department of Inspections & Standards,101-404: Electrical Installation,50000: Total PERSONNEL SALARIES,HOLIDAY,10893,7311,0,0,0
668,101: City General,EXPENSES,Department of Inspections & Standards,101-404: Electrical Installation,51000: Total EMPLOYEE BENEFITS,DENTAL INSURANCE,3900,2524,4308,4308,4308
669,101: City General,EXPENSES,Department of Inspections & Standards,101-404: Electrical Installation,51000: Total EMPLOYEE BENEFITS,LABORERS INT'L PENSION,12315,11159,9100,9100,9100
670,101: City General,EXPENSES,Department of Inspections & Standards,101-404: Electrical Installation,51000: Total EMPLOYEE BENEFITS,CITY OF PROVIDENCE PENSION EXPENSE,40160,42536,44486,44316,46634
671,101: City General,EXPENSES,Department of Inspections & Standards,101-404: Electrical Installation,51000: Total EMPLOYEE BENEFITS,F.I.C.A.,12694,12144,15098,14716,14863
672,101: City General,EXPENSES,Department of Inspections & Standards,101-404: Electrical Installation,51000: Total EMPLOYEE BENEFITS,AUTO ALLOWANCE,8283,3388,0,0,0
673,101: City General,EXPENSES,Department of Inspections & Standards,101-404: Electrical Installation,51000: Total EMPLOYEE BENEFITS,LOCAL 1033 BENEFITS EXPENSE,10795,8422,6878,7280,7603
674,101: City General,EXPENSES,Department of Inspections & Standards,101-404: Electrical Installation,51000: Total EMPLOYEE BENEFITS,TRANSFER TO ACTIVE MEDICAL INS FUND,41139,26216,30010,38556,39327
675,101: City General,EXPENSES,Department of Inspections & Standards,101-406: Zoning Board of Review,50000: Total PERSONNEL SALARIES,SALARIES,15291,17698,18450,18450,18450
676,101: City General,EXPENSES,Department of Inspections & Standards,101-406: Zoning Board of Review,51000: Total EMPLOYEE BENEFITS,F.I.C.A.,1170,1354,1416,1416,1430
677,101: City General,EXPENSES,Department of Inspections & Standards,101-406: Zoning Board of Review,52100: Total G&A SERVICES,POSTAGE,1039,1575,0,0,0
678,101: City General,EXPENSES,Department of Inspections & Standards,101-407: Building Board,50000: Total PERSONNEL SALARIES,SALARIES,13000,11023,13000,13000,13000
679,101: City General,EXPENSES,Department of Inspections & Standards,101-407: Building Board,51000: Total EMPLOYEE BENEFITS,F.I.C.A.,994,843,1020,1020,1030
680,101: City General,EXPENSES,Department of Inspections & Standards,101-407: Building Board,52100: Total G&A SERVICES,POSTAGE,117,0,0,0,0
681,101: City General,EXPENSES,Department of Inspections & Standards,101-408: Housing Board,52100: Total G&A SERVICES,POSTAGE,0,4,0,0,0
682,101: City General,EXPENSES,Parks,101-702: Neighborhood Park Services,50000: Total PERSONNEL SALARIES,SALARIES,1735369,1966321,2292966,2959982,2989582
683,101: City General,EXPENSES,Parks,101-702: Neighborhood Park Services,50000: Total PERSONNEL SALARIES,SALARIES-TEMPORARIES,326932,271656,163200,300666,300666
684,101: City General,EXPENSES,Parks,101-702: Neighborhood Park Services,50000: Total PERSONNEL SALARIES,OVERTIME,84390,65144,87864,100252,100252
685,101: City General,EXPENSES,Parks,101-702: Neighborhood Park Services,50000: Total PERSONNEL SALARIES,SICK LEAVE,103141,78381,0,0,0
686,101: City General,EXPENSES,Parks,101-702: Neighborhood Park Services,50000: Total PERSONNEL SALARIES,VACATION,167382,120425,0,0,0
687,101: City General,EXPENSES,Parks,101-702: Neighborhood Park Services,50000: Total PERSONNEL SALARIES,CALL BACK,6917,5319,0,0,0
688,101: City General,EXPENSES,Parks,101-702: Neighborhood Park Services,50000: Total PERSONNEL SALARIES,HOLIDAY,139520,142049,0,0,0
689,101: City General,EXPENSES,Parks,101-702: Neighborhood Park Services,50000: Total PERSONNEL SALARIES,LONGEVITY,74577,75949,65509,67534,68209
690,101: City General,EXPENSES,Parks,101-702: Neighborhood Park Services,50000: Total PERSONNEL SALARIES,DIFFERENTIAL PAY,422,543,0,0,0
691,101: City General,EXPENSES,Parks,101-702: Neighborhood Park Services,50000: Total PERSONNEL SALARIES,ALTERNATIVE WORK WEEK,10,0,0,0,0
692,101: City General,EXPENSES,Parks,101-702: Neighborhood Park Services,51000: Total EMPLOYEE BENEFITS,DENTAL INSURANCE,56090,53002,59388,59388,59388
693,101: City General,EXPENSES,Parks,101-702: Neighborhood Park Services,51000: Total EMPLOYEE BENEFITS,LABORERS INT'L PENSION,226626,260926,269750,269750,269750
694,101: City General,EXPENSES,Parks,101-702: Neighborhood Park Services,51000: Total EMPLOYEE BENEFITS,CITY OF PROVIDENCE PENSION EXPENSE,630340,692405,658225,721476,759209
695,101: City General,EXPENSES,Parks,101-702: Neighborhood Park Services,51000: Total EMPLOYEE BENEFITS,F.I.C.A.,214309,213615,231430,272872,275601
696,101: City General,EXPENSES,Parks,101-702: Neighborhood Park Services,51000: Total EMPLOYEE BENEFITS,STIPENDS,0,0,0,0,0
697,101: City General,EXPENSES,Parks,101-702: Neighborhood Park Services,51000: Total EMPLOYEE BENEFITS,LOCAL 1033 BENEFITS EXPENSE,176074,192190,203932,215800,225360
698,101: City General,EXPENSES,Parks,101-702: Neighborhood Park Services,51000: Total EMPLOYEE BENEFITS,TRANSFER TO ACTIVE MEDICAL INS FUND,638514,569232,723587,837216,853960
699,101: City General,EXPENSES,Parks,101-702: Neighborhood Park Services,52900: Total R&M EQUIPMENT,REPAIRS TO OFFICE EQUIPMENT,679,0,0,0,0
700,101: City General,EXPENSES,Parks,101-702: Neighborhood Park Services,52910: Total R&M OTHER,MAIN & SERVICE,68879,57397,67000,67000,67469
701,101: City General,EXPENSES,Parks,101-702: Neighborhood Park Services,52910: Total R&M OTHER,REPAIRS TO AUTOS & TRUCKS,25542,37866,30000,30000,30210
702,101: City General,EXPENSES,Parks,101-702: Neighborhood Park Services,52910: Total R&M OTHER,REPAIRS TO OTHER EQUIPMENT,56985,49333,46000,46000,46322
703,101: City General,EXPENSES,Parks,101-702: Neighborhood Park Services,52910: Total R&M OTHER,REPAIRS TO BUILDINGS,35326,42802,93000,73000,73511
704,101: City General,EXPENSES,Parks,101-702: Neighborhood Park Services,53400: Total CONTRACT SERVICES,PRIVATE CONTRACTORS,187432,246926,240000,240000,241680
705,101: City General,EXPENSES,Parks,101-702: Neighborhood Park Services,53500: Total OTHER SERVICES,MISC. EXPENSES,52057,115740,20800,20800,20946
706,101: City General,EXPENSES,Parks,101-702: Neighborhood Park Services,54000: Total OFFICE SUPPLIES,STATIONERY,4145,6681,2800,2800,2820
707,101: City General,EXPENSES,Parks,101-702: Neighborhood Park Services,54000: Total OFFICE SUPPLIES,SMALL TOOLS   SHOP SUPPLIES,20408,16838,9000,9000,9063
708,101: City General,EXPENSES,Parks,101-702: Neighborhood Park Services,54200: Total COMMUNICATION DEPT SUPPLIES,PLUMBING,38452,45107,40000,40000,40280
709,101: City General,EXPENSES,Parks,101-702: Neighborhood Park Services,54200: Total COMMUNICATION DEPT SUPPLIES,CONST & MAINT SUPPLIES,64249,55850,50000,70000,70490
710,101: City General,EXPENSES,Parks,101-702: Neighborhood Park Services,54270: Total HIGHWAY DEPT,LUBRICANTS,5678,5901,6000,6000,6042
711,101: City General,EXPENSES,Parks,101-702: Neighborhood Park Services,54270: Total HIGHWAY DEPT,GRAVEL SAND,59134,46996,60000,80000,80560
712,101: City General,EXPENSES,Parks,101-702: Neighborhood Park Services,54700: Total OTHER SUPPLY,AUTO PARTS,44397,72743,48000,48000,48336
713,101: City General,EXPENSES,Parks,101-702: Neighborhood Park Services,54700: Total OTHER SUPPLY,HOUSEKEEPING SUPPLIES,13720,26379,8000,8000,8056
714,101: City General,EXPENSES,Parks,101-702: Neighborhood Park Services,54700: Total OTHER SUPPLY,LOAM,4000,5960,4500,4500,4532
715,101: City General,EXPENSES,Parks,101-702: Neighborhood Park Services,54700: Total OTHER SUPPLY,LUMBER AND HARDWARE,13518,12949,22000,22000,22154
716,101: City General,EXPENSES,Parks,101-702: Neighborhood Park Services,54700: Total OTHER SUPPLY,PIPE,16600,16099,8000,8000,8056
717,101: City General,EXPENSES,Parks,101-702: Neighborhood Park Services,54700: Total OTHER SUPPLY,TIRES,13342,16838,13000,13000,13091
718,101: City General,EXPENSES,Parks,101-702: Neighborhood Park Services,54700: Total OTHER SUPPLY,UNIFORMS/WEARING APPAREL,36986,34142,20000,30000,30210
719,101: City General,EXPENSES,Parks,101-702: Neighborhood Park Services,57000: Total WATER SUPPLY DEPT,SEEDS FERTILIZER TREES & SHRUBS,6981,2992,10000,8000,8000
720,101: City General,EXPENSES,Parks,101-703: Forestry Services,50000: Total PERSONNEL SALARIES,SALARIES,524343,655426,728084,812877,821006
721,101: City General,EXPENSES,Parks,101-703: Forestry Services,50000: Total PERSONNEL SALARIES,OVERTIME,6054,8292,12000,12000,12000
722,101: City General,EXPENSES,Parks,101-703: Forestry Services,50000: Total PERSONNEL SALARIES,SICK LEAVE,27703,28013,0,0,0
723,101: City General,EXPENSES,Parks,101-703: Forestry Services,50000: Total PERSONNEL SALARIES,VACATION,52594,34798,0,0,0
724,101: City General,EXPENSES,Parks,101-703: Forestry Services,50000: Total PERSONNEL SALARIES,CALL BACK,8632,5275,0,0,0
725,101: City General,EXPENSES,Parks,101-703: Forestry Services,50000: Total PERSONNEL SALARIES,HOLIDAY,41207,45986,0,0,0
726,101: City General,EXPENSES,Parks,101-703: Forestry Services,50000: Total PERSONNEL SALARIES,LONGEVITY,22161,22649,22743,28380,28664
727,101: City General,EXPENSES,Parks,101-703: Forestry Services,51000: Total EMPLOYEE BENEFITS,DENTAL INSURANCE,14677,15385,17220,17220,17220
728,101: City General,EXPENSES,Parks,101-703: Forestry Services,51000: Total EMPLOYEE BENEFITS,LABORERS INT'L PENSION,60064,75173,72150,72150,72150
729,101: City General,EXPENSES,Parks,101-703: Forestry Services,51000: Total EMPLOYEE BENEFITS,CITY OF PROVIDENCE PENSION EXPENSE,191145,230806,210336,240492,253070
730,101: City General,EXPENSES,Parks,101-703: Forestry Services,51000: Total EMPLOYEE BENEFITS,F.I.C.A.,52293,60351,65354,68562,69248
731,101: City General,EXPENSES,Parks,101-703: Forestry Services,51000: Total EMPLOYEE BENEFITS,LOCAL 1033 BENEFITS EXPENSE,48986,56663,54548,57720,60277
732,101: City General,EXPENSES,Parks,101-703: Forestry Services,51000: Total EMPLOYEE BENEFITS,TRANSFER TO ACTIVE MEDICAL INS FUND,169572,180307,220983,265188,270492
733,101: City General,EXPENSES,Parks,101-703: Forestry Services,52100: Total G&A SERVICES,DUES & SUBSCRIPTIONS,0,0,0,1000,1007
734,101: City General,EXPENSES,Parks,101-703: Forestry Services,52900: Total R&M EQUIPMENT,REPAIRS TO OFFICE EQUIPMENT,254,234,250,250,252
735,101: City General,EXPENSES,Parks,101-703: Forestry Services,52910: Total R&M OTHER,MAIN & SERVICE,2856,2719,2856,2856,2876
736,101: City General,EXPENSES,Parks,101-703: Forestry Services,53400: Total CONTRACT SERVICES,PRIVATE CONTRACTORS,104786,133899,125000,124000,124868
737,101: City General,EXPENSES,Parks,101-703: Forestry Services,53500: Total OTHER SERVICES,MISC. EXPENSES,1201,967,1000,1000,1007
738,101: City General,EXPENSES,Parks,101-703: Forestry Services,54000: Total OFFICE SUPPLIES,SMALL TOOLS   SHOP SUPPLIES,5468,6725,6000,6000,6042
739,101: City General,EXPENSES,Parks,101-703: Forestry Services,54700: Total OTHER SUPPLY,UNIFORMS/WEARING APPAREL,1010,656,1000,1000,1007
740,101: City General,EXPENSES,Parks,101-706: Zoological Services,50000: Total PERSONNEL SALARIES,SALARIES,1133096,1170990,1359736,1463164,1477796
741,101: City General,EXPENSES,Parks,101-706: Zoological Services,50000: Total PERSONNEL SALARIES,OVERTIME,124502,108657,113938,117439,117439
742,101: City General,EXPENSES,Parks,101-706: Zoological Services,50000: Total PERSONNEL SALARIES,SICK LEAVE,58823,46733,0,0,0
743,101: City General,EXPENSES,Parks,101-706: Zoological Services,50000: Total PERSONNEL SALARIES,VACATION,120647,85840,0,0,0
744,101: City General,EXPENSES,Parks,101-706: Zoological Services,50000: Total PERSONNEL SALARIES,CALL BACK,8703,1344,0,0,0
745,101: City General,EXPENSES,Parks,101-706: Zoological Services,50000: Total PERSONNEL SALARIES,HOLIDAY,94013,85418,0,0,0
746,101: City General,EXPENSES,Parks,101-706: Zoological Services,50000: Total PERSONNEL SALARIES,LONGEVITY,54642,56748,58133,53040,53570
747,101: City General,EXPENSES,Parks,101-706: Zoological Services,50000: Total PERSONNEL SALARIES,ALTERNATIVE WORK WEEK,80801,76842,78000,78000,78000
748,101: City General,EXPENSES,Parks,101-706: Zoological Services,51000: Total EMPLOYEE BENEFITS,DENTAL INSURANCE,35788,31777,40548,40548,40548
749,101: City General,EXPENSES,Parks,101-706: Zoological Services,51000: Total EMPLOYEE BENEFITS,LABORERS INT'L PENSION,154178,162999,161200,161200,161200
750,101: City General,EXPENSES,Parks,101-706: Zoological Services,51000: Total EMPLOYEE BENEFITS,CITY OF PROVIDENCE PENSION EXPENSE,419025,413311,382431,430668,453192
751,101: City General,EXPENSES,Parks,101-706: Zoological Services,51000: Total EMPLOYEE BENEFITS,F.I.C.A.,125982,121897,132045,134766,136114
752,101: City General,EXPENSES,Parks,101-706: Zoological Services,51000: Total EMPLOYEE BENEFITS,LOCAL 1033 BENEFITS EXPENSE,127206,122125,121864,128960,134673
753,101: City General,EXPENSES,Parks,101-706: Zoological Services,51000: Total EMPLOYEE BENEFITS,TRANSFER TO ACTIVE MEDICAL INS FUND,320316,295666,375835,434856,443553
754,101: City General,EXPENSES,Parks,101-706: Zoological Services,52100: Total G&A SERVICES,POSTAGE,0,63,0,0,0
755,101: City General,EXPENSES,Parks,101-706: Zoological Services,52100: Total G&A SERVICES,DUES & SUBSCRIPTIONS,121989,145000,120000,100000,100700
756,101: City General,EXPENSES,Parks,101-707: Botanical / Greenhouse,50000: Total PERSONNEL SALARIES,SALARIES,144359,223663,251773,294773,297721
757,101: City General,EXPENSES,Parks,101-707: Botanical / Greenhouse,50000: Total PERSONNEL SALARIES,OVERTIME,49320,33811,53000,53000,53000
758,101: City General,EXPENSES,Parks,101-707: Botanical / Greenhouse,50000: Total PERSONNEL SALARIES,SICK LEAVE,7893,7077,0,0,0
759,101: City General,EXPENSES,Parks,101-707: Botanical / Greenhouse,50000: Total PERSONNEL SALARIES,VACATION,17730,12568,0,0,0
760,101: City General,EXPENSES,Parks,101-707: Botanical / Greenhouse,50000: Total PERSONNEL SALARIES,CALL BACK,324,0,0,0,0
761,101: City General,EXPENSES,Parks,101-707: Botanical / Greenhouse,50000: Total PERSONNEL SALARIES,HOLIDAY,11839,14867,0,0,0
762,101: City General,EXPENSES,Parks,101-707: Botanical / Greenhouse,50000: Total PERSONNEL SALARIES,LONGEVITY,11343,11822,15289,11508,11623
763,101: City General,EXPENSES,Parks,101-707: Botanical / Greenhouse,50000: Total PERSONNEL SALARIES,DIFFERENTIAL PAY,0,145,0,0,0
764,101: City General,EXPENSES,Parks,101-707: Botanical / Greenhouse,50000: Total PERSONNEL SALARIES,ALTERNATIVE WORK WEEK,835,2950,2496,2496,2496
765,101: City General,EXPENSES,Parks,101-707: Botanical / Greenhouse,51000: Total EMPLOYEE BENEFITS,DENTAL INSURANCE,6858,7133,7332,7332,7332
766,101: City General,EXPENSES,Parks,101-707: Botanical / Greenhouse,51000: Total EMPLOYEE BENEFITS,LABORERS INT'L PENSION,28511,31584,36400,36400,36400
767,101: City General,EXPENSES,Parks,101-707: Botanical / Greenhouse,51000: Total EMPLOYEE BENEFITS,CITY OF PROVIDENCE PENSION EXPENSE,55682,78395,74788,81684,85956
768,101: City General,EXPENSES,Parks,101-707: Botanical / Greenhouse,51000: Total EMPLOYEE BENEFITS,F.I.C.A.,19906,24149,32837,29585,29881
769,101: City General,EXPENSES,Parks,101-707: Botanical / Greenhouse,51000: Total EMPLOYEE BENEFITS,LOCAL 1033 BENEFITS EXPENSE,20846,23838,27520,29120,30410
770,101: City General,EXPENSES,Parks,101-707: Botanical / Greenhouse,51000: Total EMPLOYEE BENEFITS,TRANSFER TO ACTIVE MEDICAL INS FUND,48959,59644,72551,87720,89474
771,101: City General,EXPENSES,Parks,101-708: Roger Williams Park Services,50000: Total PERSONNEL SALARIES,SALARIES,591934,583721,735552,260920,263529
772,101: City General,EXPENSES,Parks,101-708: Roger Williams Park Services,50000: Total PERSONNEL SALARIES,OVERTIME,17802,8956,25000,0,0
773,101: City General,EXPENSES,Parks,101-708: Roger Williams Park Services,50000: Total PERSONNEL SALARIES,SICK LEAVE,32192,20230,0,0,0
774,101: City General,EXPENSES,Parks,101-708: Roger Williams Park Services,50000: Total PERSONNEL SALARIES,VACATION,48861,41413,0,0,0
775,101: City General,EXPENSES,Parks,101-708: Roger Williams Park Services,50000: Total PERSONNEL SALARIES,HOLIDAY,46005,40599,0,0,0
776,101: City General,EXPENSES,Parks,101-708: Roger Williams Park Services,50000: Total PERSONNEL SALARIES,LONGEVITY,25419,23541,27407,8392,8476
777,101: City General,EXPENSES,Parks,101-708: Roger Williams Park Services,50000: Total PERSONNEL SALARIES,DIFFERENTIAL PAY,1231,1667,0,0,0
778,101: City General,EXPENSES,Parks,101-708: Roger Williams Park Services,50000: Total PERSONNEL SALARIES,ALTERNATIVE WORK WEEK,2123,2185,2184,2184,2184
779,101: City General,EXPENSES,Parks,101-708: Roger Williams Park Services,51000: Total EMPLOYEE BENEFITS,DENTAL INSURANCE,15714,13842,18360,18360,18360
780,101: City General,EXPENSES,Parks,101-708: Roger Williams Park Services,51000: Total EMPLOYEE BENEFITS,HEALTHCARE EE CASH PAYMENT,1500,1500,0,0,0
781,101: City General,EXPENSES,Parks,101-708: Roger Williams Park Services,51000: Total EMPLOYEE BENEFITS,LABORERS INT'L PENSION,49531,48770,86450,86450,86450
782,101: City General,EXPENSES,Parks,101-708: Roger Williams Park Services,51000: Total EMPLOYEE BENEFITS,CITY OF PROVIDENCE PENSION EXPENSE,212837,210137,213560,218964,230416
783,101: City General,EXPENSES,Parks,101-708: Roger Williams Park Services,51000: Total EMPLOYEE BENEFITS,F.I.C.A.,58776,54216,70766,24685,24932
784,101: City General,EXPENSES,Parks,101-708: Roger Williams Park Services,51000: Total EMPLOYEE BENEFITS,STIPENDS,0,0,0,0,0
785,101: City General,EXPENSES,Parks,101-708: Roger Williams Park Services,51000: Total EMPLOYEE BENEFITS,LOCAL 1033 BENEFITS EXPENSE,40761,36810,65352,69160,72224
786,101: City General,EXPENSES,Parks,101-708: Roger Williams Park Services,51000: Total EMPLOYEE BENEFITS,TRANSFER TO ACTIVE MEDICAL INS FUND,140224,124932,154601,183744,187419
787,101: City General,EXPENSES,Parks,101-708: Roger Williams Park Services,52100: Total G&A SERVICES,DUES & SUBSCRIPTIONS,1042,921,1000,1000,1007
788,101: City General,EXPENSES,Parks,101-708: Roger Williams Park Services,52910: Total R&M OTHER,MAIN & SERVICE,15993,15937,16000,16000,16112
789,101: City General,EXPENSES,Parks,101-708: Roger Williams Park Services,54000: Total OFFICE SUPPLIES,STATIONERY,970,908,910,910,916
790,101: City General,EXPENSES,Parks,101-708: Roger Williams Park Services,54700: Total OTHER SUPPLY,EDUC & REC SUPPLIES,0,0,0,500,504
791,101: City General,EXPENSES,Parks,101-708: Roger Williams Park Services,54700: Total OTHER SUPPLY,HOUSEKEEPING SUPPLIES,836,0,500,2200,2215
792,101: City General,EXPENSES,Parks,101-708: Roger Williams Park Services,54700: Total OTHER SUPPLY,MIS PAINT SUPPLIES,0,2270,2200,0,0
793,101: City General,EXPENSES,Parks,101-708: Roger Williams Park Services,54700: Total OTHER SUPPLY,MISCELLANEOUS MATERIALS AND SUPPLIES,1880,0,0,0,0
794,101: City General,EXPENSES,Parks,101-709: Superintendent of Parks,50000: Total PERSONNEL SALARIES,SALARIES,539707,549848,548638,651816,658334
795,101: City General,EXPENSES,Parks,101-709: Superintendent of Parks,50000: Total PERSONNEL SALARIES,SALARIES-TEMPORARIES,20670,32492,56300,56300,56300
796,101: City General,EXPENSES,Parks,101-709: Superintendent of Parks,50000: Total PERSONNEL SALARIES,SICK LEAVE,13165,11814,0,0,0
797,101: City General,EXPENSES,Parks,101-709: Superintendent of Parks,50000: Total PERSONNEL SALARIES,VACATION,25874,25948,0,0,0
798,101: City General,EXPENSES,Parks,101-709: Superintendent of Parks,50000: Total PERSONNEL SALARIES,HOLIDAY,42198,38194,0,0,0
799,101: City General,EXPENSES,Parks,101-709: Superintendent of Parks,50000: Total PERSONNEL SALARIES,LONGEVITY,11953,13213,13433,10129,10230
800,101: City General,EXPENSES,Parks,101-709: Superintendent of Parks,51000: Total EMPLOYEE BENEFITS,DENTAL INSURANCE,10148,9251,11712,11712,11712
801,101: City General,EXPENSES,Parks,101-709: Superintendent of Parks,51000: Total EMPLOYEE BENEFITS,HEALTHCARE EE CASH PAYMENT,3500,0,0,0,0
802,101: City General,EXPENSES,Parks,101-709: Superintendent of Parks,51000: Total EMPLOYEE BENEFITS,LABORERS INT'L PENSION,21247,23227,28600,28600,28600
803,101: City General,EXPENSES,Parks,101-709: Superintendent of Parks,51000: Total EMPLOYEE BENEFITS,CITY OF PROVIDENCE PENSION EXPENSE,193379,193421,160971,201540,212081
804,101: City General,EXPENSES,Parks,101-709: Superintendent of Parks,51000: Total EMPLOYEE BENEFITS,F.I.C.A.,54123,52469,59832,52850,53379
805,101: City General,EXPENSES,Parks,101-709: Superintendent of Parks,51000: Total EMPLOYEE BENEFITS,AUTO ALLOWANCE,37,0,0,0,0
806,101: City General,EXPENSES,Parks,101-709: Superintendent of Parks,51000: Total EMPLOYEE BENEFITS,LOCAL 1033 BENEFITS EXPENSE,17489,17531,21620,22880,23894
807,101: City General,EXPENSES,Parks,101-709: Superintendent of Parks,51000: Total EMPLOYEE BENEFITS,TRANSFER TO ACTIVE MEDICAL INS FUND,91956,100786,134693,148236,151201
808,101: City General,EXPENSES,Parks,101-709: Superintendent of Parks,52100: Total G&A SERVICES,BUILDING INSURANCE,93105,113705,93000,135000,135945
809,101: City General,EXPENSES,Parks,101-709: Superintendent of Parks,52100: Total G&A SERVICES,POSTAGE,984,784,2500,2500,2500
810,101: City General,EXPENSES,Parks,101-709: Superintendent of Parks,52100: Total G&A SERVICES,PROGRAM EXPENSE,7008,5886,7500,7500,7500
811,101: City General,EXPENSES,Parks,101-709: Superintendent of Parks,52910: Total R&M OTHER,COPIERS LEASE AND MAINTENANCE,0,0,0,8500,8560
812,101: City General,EXPENSES,Parks,101-709: Superintendent of Parks,52910: Total R&M OTHER,REPAIRS OFFICE MACH.   FURNITURE,1275,1506,2000,2000,2014
813,101: City General,EXPENSES,Parks,101-709: Superintendent of Parks,53010: Total RENT EQUIPMENT,RENTALS NO CLASSIFIED,8405,6392,8500,0,0
814,101: City General,EXPENSES,Parks,101-709: Superintendent of Parks,53100: Total TRAVEL & ENTERTAINMENT,TRANSPORTATION OF PERSONS-TRAINING,1972,1706,2000,2000,2000
815,101: City General,EXPENSES,Parks,101-709: Superintendent of Parks,53500: Total OTHER SERVICES,MISC. EXPENSES,186,426,500,500,504
816,101: City General,EXPENSES,Parks,101-709: Superintendent of Parks,54000: Total OFFICE SUPPLIES,STATIONERY,4330,3027,2688,2688,2707
817,101: City General,EXPENSES,Parks,101-710: North Burial Ground,50000: Total PERSONNEL SALARIES,SALARIES,257905,306392,349708,386830,390698
818,101: City General,EXPENSES,Parks,101-710: North Burial Ground,50000: Total PERSONNEL SALARIES,SALARIES-TEMPORARIES,712,1823,0,0,0
819,101: City General,EXPENSES,Parks,101-710: North Burial Ground,50000: Total PERSONNEL SALARIES,OVERTIME,49808,42238,30000,30000,30000
820,101: City General,EXPENSES,Parks,101-710: North Burial Ground,50000: Total PERSONNEL SALARIES,SICK LEAVE,11306,13473,0,0,0
821,101: City General,EXPENSES,Parks,101-710: North Burial Ground,50000: Total PERSONNEL SALARIES,VACATION,28591,19301,0,0,0
822,101: City General,EXPENSES,Parks,101-710: North Burial Ground,50000: Total PERSONNEL SALARIES,CALL BACK,680,715,0,0,0
823,101: City General,EXPENSES,Parks,101-710: North Burial Ground,50000: Total PERSONNEL SALARIES,HOLIDAY,22090,21486,0,0,0
824,101: City General,EXPENSES,Parks,101-710: North Burial Ground,50000: Total PERSONNEL SALARIES,LONGEVITY,9722,9480,8689,5485,5540
825,101: City General,EXPENSES,Parks,101-710: North Burial Ground,51000: Total EMPLOYEE BENEFITS,DENTAL INSURANCE,8502,6946,11004,11004,11004
826,101: City General,EXPENSES,Parks,101-710: North Burial Ground,51000: Total EMPLOYEE BENEFITS,LABORERS INT'L PENSION,30373,32231,35750,35750,35750
827,101: City General,EXPENSES,Parks,101-710: North Burial Ground,51000: Total EMPLOYEE BENEFITS,CITY OF PROVIDENCE PENSION EXPENSE,94787,106200,100232,110664,116452
828,101: City General,EXPENSES,Parks,101-710: North Burial Ground,51000: Total EMPLOYEE BENEFITS,F.I.C.A.,28788,30166,33990,34603,34949
829,101: City General,EXPENSES,Parks,101-710: North Burial Ground,51000: Total EMPLOYEE BENEFITS,LOCAL 1033 BENEFITS EXPENSE,28133,24327,27028,28600,29867
830,101: City General,EXPENSES,Parks,101-710: North Burial Ground,51000: Total EMPLOYEE BENEFITS,TRANSFER TO ACTIVE MEDICAL INS FUND,101038,89729,120360,131976,134616
831,101: City General,EXPENSES,Recreation,101-601: Recreation,50000: Total PERSONNEL SALARIES,SALARIES,829568,1110723,1288226,1503120,1518151
832,101: City General,EXPENSES,Recreation,101-601: Recreation,50000: Total PERSONNEL SALARIES,OVERTIME,25655,13415,20000,20000,20000
833,101: City General,EXPENSES,Recreation,101-601: Recreation,50000: Total PERSONNEL SALARIES,SICK LEAVE,34875,33756,0,0,0
834,101: City General,EXPENSES,Recreation,101-601: Recreation,50000: Total PERSONNEL SALARIES,VACATION,71211,35260,0,0,0
835,101: City General,EXPENSES,Recreation,101-601: Recreation,50000: Total PERSONNEL SALARIES,HOLIDAY,65477,73516,0,0,0
836,101: City General,EXPENSES,Recreation,101-601: Recreation,50000: Total PERSONNEL SALARIES,LONGEVITY,38674,28953,27658,28488,28773
837,101: City General,EXPENSES,Recreation,101-601: Recreation,51000: Total EMPLOYEE BENEFITS,DENTAL INSURANCE,15340,15558,16524,16524,16524
838,101: City General,EXPENSES,Recreation,101-601: Recreation,51000: Total EMPLOYEE BENEFITS,HEALTHCARE EE CASH PAYMENT,750,0,0,0,0
839,101: City General,EXPENSES,Recreation,101-601: Recreation,51000: Total EMPLOYEE BENEFITS,LABORERS INT'L PENSION,24289,14297,14300,14300,14300
840,101: City General,EXPENSES,Recreation,101-601: Recreation,51000: Total EMPLOYEE BENEFITS,CITY OF PROVIDENCE PENSION EXPENSE,277032,371329,398990,386916,407152
841,101: City General,EXPENSES,Recreation,101-601: Recreation,51000: Total EMPLOYEE BENEFITS,F.I.C.A.,78416,94726,114713,125424,126678
842,101: City General,EXPENSES,Recreation,101-601: Recreation,51000: Total EMPLOYEE BENEFITS,LOCAL 1033 BENEFITS EXPENSE,19987,10791,10814,11440,11947
843,101: City General,EXPENSES,Recreation,101-601: Recreation,51000: Total EMPLOYEE BENEFITS,TRANSFER TO ACTIVE MEDICAL INS FUND,214164,243987,294253,358848,366025
844,101: City General,EXPENSES,Recreation,101-601: Recreation,52000: Total DEPARTMENTAL SERVICES,FOOD,0,8043,0,0,0
845,101: City General,EXPENSES,Recreation,101-601: Recreation,52100: Total G&A SERVICES,POSTAGE,138,12,0,0,0
846,101: City General,EXPENSES,Recreation,101-601: Recreation,52100: Total G&A SERVICES,TAXES - REAL ESTATE,58,11999,12000,12000,12000
847,101: City General,EXPENSES,Recreation,101-601: Recreation,52100: Total G&A SERVICES,PROGRAM EXPENSE,122837,64354,96000,96000,96000
848,101: City General,EXPENSES,Recreation,101-601: Recreation,52910: Total R&M OTHER,MAIN & SERVICE,17619,25889,25000,50000,50350
849,101: City General,EXPENSES,Recreation,101-601: Recreation,53500: Total OTHER SERVICES,MISC. EXPENSES,23984,17894,20000,20000,20140
850,101: City General,EXPENSES,Recreation,101-601: Recreation,54000: Total OFFICE SUPPLIES,STATIONERY,1575,1461,1050,3000,3021
851,101: City General,EXPENSES,Recreation,101-601: Recreation,54150: Total FIRE DEPT SUPPLIES,MED CHEM & LAB SUPPLIES,29919,14638,32000,32000,32224
852,101: City General,EXPENSES,Recreation,101-601: Recreation,54700: Total OTHER SUPPLY,FOOD,16481,18744,20000,19997,20137
853,101: City General,EXPENSES,Recreation,101-601: Recreation,54700: Total OTHER SUPPLY,HOUSEKEEPING SUPPLIES,10470,13428,27000,23000,23161
854,101: City General,EXPENSES,Recreation,101-602: Recreation Seasonal,50000: Total PERSONNEL SALARIES,SALARIES,126,17315,0,0,0
855,101: City General,EXPENSES,Recreation,101-602: Recreation Seasonal,50000: Total PERSONNEL SALARIES,SALARIES-TEMPORARIES,1177452,1105765,484000,1944000,1944000
856,101: City General,EXPENSES,Recreation,101-602: Recreation Seasonal,50000: Total PERSONNEL SALARIES,OVERTIME,0,0,0,0,0
857,101: City General,EXPENSES,Recreation,101-602: Recreation Seasonal,51000: Total EMPLOYEE BENEFITS,F.I.C.A.,90414,85916,79872,79866,80665
858,101: City General,EXPENSES,Recreation,101-602: Recreation Seasonal,53500: Total OTHER SERVICES,MISC. EXPENSES,20430,0,50000,50000,50350
859,101: City General,EXPENSES,Department of Public Works,101-305: Traffic Engineering,50000: Total PERSONNEL SALARIES,SALARIES,395562,429505,477721,589049,594939
860,101: City General,EXPENSES,Department of Public Works,101-305: Traffic Engineering,50000: Total PERSONNEL SALARIES,OVERTIME,94709,94443,100000,90000,90000
861,101: City General,EXPENSES,Department of Public Works,101-305: Traffic Engineering,50000: Total PERSONNEL SALARIES,SICK LEAVE,18671,36975,0,0,0
862,101: City General,EXPENSES,Department of Public Works,101-305: Traffic Engineering,50000: Total PERSONNEL SALARIES,VACATION,39515,34755,0,0,0
863,101: City General,EXPENSES,Department of Public Works,101-305: Traffic Engineering,50000: Total PERSONNEL SALARIES,CALL BACK,4450,4773,5000,5000,5000
864,101: City General,EXPENSES,Department of Public Works,101-305: Traffic Engineering,50000: Total PERSONNEL SALARIES,HOLIDAY,32993,28877,0,0,0
865,101: City General,EXPENSES,Department of Public Works,101-305: Traffic Engineering,50000: Total PERSONNEL SALARIES,LONGEVITY,15858,15762,15419,15952,16112
866,101: City General,EXPENSES,Department of Public Works,101-305: Traffic Engineering,50000: Total PERSONNEL SALARIES,DIFFERENTIAL PAY,34,0,0,0,0
867,101: City General,EXPENSES,Department of Public Works,101-305: Traffic Engineering,51000: Total EMPLOYEE BENEFITS,DENTAL INSURANCE,10111,9313,11220,11220,11220
868,101: City General,EXPENSES,Department of Public Works,101-305: Traffic Engineering,51000: Total EMPLOYEE BENEFITS,LABORERS INT'L PENSION,39952,47425,50700,50700,50700
869,101: City General,EXPENSES,Department of Public Works,101-305: Traffic Engineering,51000: Total EMPLOYEE BENEFITS,CITY OF PROVIDENCE PENSION EXPENSE,144949,160026,139956,166740,175461
870,101: City General,EXPENSES,Department of Public Works,101-305: Traffic Engineering,51000: Total EMPLOYEE BENEFITS,F.I.C.A.,45941,48235,51783,50845,51353
871,101: City General,EXPENSES,Department of Public Works,101-305: Traffic Engineering,51000: Total EMPLOYEE BENEFITS,LOCAL 1033 BENEFITS EXPENSE,34626,36284,38326,40560,42357
872,101: City General,EXPENSES,Department of Public Works,101-305: Traffic Engineering,51000: Total EMPLOYEE BENEFITS,TRANSFER TO ACTIVE MEDICAL INS FUND,108914,121797,149424,179136,182719
873,101: City General,EXPENSES,Department of Public Works,101-305: Traffic Engineering,52700: Total TRAINING & DEVELOPMENT,TRAINING,0,0,0,1000,1000
874,101: City General,EXPENSES,Department of Public Works,101-305: Traffic Engineering,52900: Total R&M EQUIPMENT,REPAIRS TO EQUIPMENT,60476,76408,75000,0,0
875,101: City General,EXPENSES,Department of Public Works,101-305: Traffic Engineering,52910: Total R&M OTHER,MAIN & SERVICE,319560,382363,190000,235800,237451
876,101: City General,EXPENSES,Department of Public Works,101-305: Traffic Engineering,53200: Total PROFESSIONAL FEES,MISCELLANEOUS PROFESSIONAL SERVICES,0,0,0,10000,10070
877,101: City General,EXPENSES,Department of Public Works,101-305: Traffic Engineering,53500: Total OTHER SERVICES,MISC. EXPENSES,0,38621,0,0,0
878,101: City General,EXPENSES,Department of Public Works,101-305: Traffic Engineering,54000: Total OFFICE SUPPLIES,SMALL TOOLS   SHOP SUPPLIES,3056,5314,5000,5000,5035
879,101: City General,EXPENSES,Department of Public Works,101-305: Traffic Engineering,54250: Total TRAFFIC ENGINEERING SUPPLIES,TRAFFIC SIGNS,62013,54162,0,30750,30965
880,101: City General,EXPENSES,Department of Public Works,101-501: Public Works Administration,50000: Total PERSONNEL SALARIES,SALARIES,482945,466069,561203,622922,629151
881,101: City General,EXPENSES,Department of Public Works,101-501: Public Works Administration,50000: Total PERSONNEL SALARIES,SALARIES-TEMPORARIES,0,1995,0,0,0
882,101: City General,EXPENSES,Department of Public Works,101-501: Public Works Administration,50000: Total PERSONNEL SALARIES,OVERTIME,6262,0,0,0,0
883,101: City General,EXPENSES,Department of Public Works,101-501: Public Works Administration,50000: Total PERSONNEL SALARIES,SICK LEAVE,23942,19035,0,0,0
884,101: City General,EXPENSES,Department of Public Works,101-501: Public Works Administration,50000: Total PERSONNEL SALARIES,VACATION,37160,44525,0,0,0
885,101: City General,EXPENSES,Department of Public Works,101-501: Public Works Administration,50000: Total PERSONNEL SALARIES,HOLIDAY,37558,33385,0,0,0
886,101: City General,EXPENSES,Department of Public Works,101-501: Public Works Administration,50000: Total PERSONNEL SALARIES,LONGEVITY,14272,12175,16133,21388,21602
887,101: City General,EXPENSES,Department of Public Works,101-501: Public Works Administration,51000: Total EMPLOYEE BENEFITS,DENTAL INSURANCE,9162,9202,10692,10692,10692
888,101: City General,EXPENSES,Department of Public Works,101-501: Public Works Administration,51000: Total EMPLOYEE BENEFITS,LABORERS INT'L PENSION,24675,27063,27300,27300,27300
889,101: City General,EXPENSES,Department of Public Works,101-501: Public Works Administration,51000: Total EMPLOYEE BENEFITS,CITY OF PROVIDENCE PENSION EXPENSE,168739,165110,157841,172044,181042
890,101: City General,EXPENSES,Department of Public Works,101-501: Public Works Administration,51000: Total EMPLOYEE BENEFITS,F.I.C.A.,45139,43174,48345,50284,50787
891,101: City General,EXPENSES,Department of Public Works,101-501: Public Works Administration,51000: Total EMPLOYEE BENEFITS,LOCAL 1033 BENEFITS EXPENSE,20310,20421,20642,21840,22808
892,101: City General,EXPENSES,Department of Public Works,101-501: Public Works Administration,51000: Total EMPLOYEE BENEFITS,TRANSFER TO ACTIVE MEDICAL INS FUND,127423,135115,168397,198720,202694
893,101: City General,EXPENSES,Department of Public Works,101-501: Public Works Administration,52100: Total G&A SERVICES,POSTAGE,25011,860,10000,5000,5000
894,101: City General,EXPENSES,Department of Public Works,101-501: Public Works Administration,52100: Total G&A SERVICES,DUES & SUBSCRIPTIONS,8702,6142,12500,6600,6646
895,101: City General,EXPENSES,Department of Public Works,101-501: Public Works Administration,52100: Total G&A SERVICES,PRINTING,6293,1510,4000,0,0
896,101: City General,EXPENSES,Department of Public Works,101-501: Public Works Administration,52910: Total R&M OTHER,MAIN & SERVICE,15350,14600,17000,7300,7351
897,101: City General,EXPENSES,Department of Public Works,101-501: Public Works Administration,52910: Total R&M OTHER,COPIERS LEASE AND MAINTENANCE,0,0,0,6000,6042
898,101: City General,EXPENSES,Department of Public Works,101-501: Public Works Administration,53500: Total OTHER SERVICES,MISC. EXPENSES,5043,3500,10000,7000,7049
899,101: City General,EXPENSES,Department of Public Works,101-501: Public Works Administration,54000: Total OFFICE SUPPLIES,OFFICE SUPPLIES,0,0,0,5800,5841
900,101: City General,EXPENSES,Department of Public Works,101-501: Public Works Administration,54000: Total OFFICE SUPPLIES,STATIONERY,3117,4041,2800,4000,4028
901,101: City General,EXPENSES,Department of Public Works,101-502: Engineering & Sanitation,50000: Total PERSONNEL SALARIES,SALARIES,389468,433371,568510,660441,667045
902,101: City General,EXPENSES,Department of Public Works,101-502: Engineering & Sanitation,50000: Total PERSONNEL SALARIES,OVERTIME,27258,9622,10000,10000,10000
903,101: City General,EXPENSES,Department of Public Works,101-502: Engineering & Sanitation,50000: Total PERSONNEL SALARIES,SICK LEAVE,31223,25367,0,0,0
904,101: City General,EXPENSES,Department of Public Works,101-502: Engineering & Sanitation,50000: Total PERSONNEL SALARIES,VACATION,41033,27655,0,0,0
905,101: City General,EXPENSES,Department of Public Works,101-502: Engineering & Sanitation,50000: Total PERSONNEL SALARIES,CALL BACK,0,128,0,0,0
906,101: City General,EXPENSES,Department of Public Works,101-502: Engineering & Sanitation,50000: Total PERSONNEL SALARIES,HOLIDAY,32415,30011,0,0,0
907,101: City General,EXPENSES,Department of Public Works,101-502: Engineering & Sanitation,50000: Total PERSONNEL SALARIES,LONGEVITY,17131,17195,18746,20435,20639
908,101: City General,EXPENSES,Department of Public Works,101-502: Engineering & Sanitation,51000: Total EMPLOYEE BENEFITS,DENTAL INSURANCE,6710,6545,8172,8172,8172
909,101: City General,EXPENSES,Department of Public Works,101-502: Engineering & Sanitation,51000: Total EMPLOYEE BENEFITS,HEALTHCARE EE CASH PAYMENT,0,1500,0,0,0
910,101: City General,EXPENSES,Department of Public Works,101-502: Engineering & Sanitation,51000: Total EMPLOYEE BENEFITS,LABORERS INT'L PENSION,28579,29591,31850,31850,31850
911,101: City General,EXPENSES,Department of Public Works,101-502: Engineering & Sanitation,51000: Total EMPLOYEE BENEFITS,CITY OF PROVIDENCE PENSION EXPENSE,147389,157210,166018,163812,172379
912,101: City General,EXPENSES,Department of Public Works,101-502: Engineering & Sanitation,51000: Total EMPLOYEE BENEFITS,F.I.C.A.,41352,41282,53751,56553,57119
913,101: City General,EXPENSES,Department of Public Works,101-502: Engineering & Sanitation,51000: Total EMPLOYEE BENEFITS,LOCAL 1033 BENEFITS EXPENSE,23141,21909,24076,25480,26609
914,101: City General,EXPENSES,Department of Public Works,101-502: Engineering & Sanitation,51000: Total EMPLOYEE BENEFITS,TRANSFER TO ACTIVE MEDICAL INS FUND,79983,76555,94592,112596,114848
915,101: City General,EXPENSES,Department of Public Works,101-502: Engineering & Sanitation,52910: Total R&M OTHER,MAIN & SERVICE,0,0,0,3000,3021
916,101: City General,EXPENSES,Department of Public Works,101-502: Engineering & Sanitation,52910: Total R&M OTHER,COPIERS LEASE AND MAINTENANCE,0,0,0,3000,3021
917,101: City General,EXPENSES,Department of Public Works,101-502: Engineering & Sanitation,52910: Total R&M OTHER,HURRICANE BARRIER MAINTENANCE,0,19300,25000,25000,25175
918,101: City General,EXPENSES,Department of Public Works,101-502: Engineering & Sanitation,53500: Total OTHER SERVICES,MISC. EXPENSES,46217,1639,50000,50500,50854
919,101: City General,EXPENSES,Department of Public Works,101-502: Engineering & Sanitation,54000: Total OFFICE SUPPLIES,SMALL TOOLS   SHOP SUPPLIES,455,0,500,1000,1007
920,101: City General,EXPENSES,Department of Public Works,101-506: Environmental Control,50000: Total PERSONNEL SALARIES,SALARIES,355532,395681,450285,513341,518474
921,101: City General,EXPENSES,Department of Public Works,101-506: Environmental Control,50000: Total PERSONNEL SALARIES,OVERTIME,50628,62150,100000,65000,65000
922,101: City General,EXPENSES,Department of Public Works,101-506: Environmental Control,50000: Total PERSONNEL SALARIES,SICK LEAVE,28808,12912,0,0,0
923,101: City General,EXPENSES,Department of Public Works,101-506: Environmental Control,50000: Total PERSONNEL SALARIES,VACATION,63921,40442,0,0,0
924,101: City General,EXPENSES,Department of Public Works,101-506: Environmental Control,50000: Total PERSONNEL SALARIES,CALL BACK,84,0,0,0,0
925,101: City General,EXPENSES,Department of Public Works,101-506: Environmental Control,50000: Total PERSONNEL SALARIES,HOLIDAY,31021,27617,0,0,0
926,101: City General,EXPENSES,Department of Public Works,101-506: Environmental Control,50000: Total PERSONNEL SALARIES,LONGEVITY,29780,22101,22962,24217,24459
927,101: City General,EXPENSES,Department of Public Works,101-506: Environmental Control,50000: Total PERSONNEL SALARIES,DIFFERENTIAL PAY,1388,990,1500,1500,1500
928,101: City General,EXPENSES,Department of Public Works,101-506: Environmental Control,50000: Total PERSONNEL SALARIES,ALTERNATIVE WORK WEEK,2220,1391,2500,2500,2500
929,101: City General,EXPENSES,Department of Public Works,101-506: Environmental Control,51000: Total EMPLOYEE BENEFITS,DENTAL INSURANCE,9934,9465,10524,10524,10524
930,101: City General,EXPENSES,Department of Public Works,101-506: Environmental Control,51000: Total EMPLOYEE BENEFITS,LABORERS INT'L PENSION,34824,42929,42250,42250,42250
931,101: City General,EXPENSES,Department of Public Works,101-506: Environmental Control,51000: Total EMPLOYEE BENEFITS,CITY OF PROVIDENCE PENSION EXPENSE,140002,139819,131862,145692,153312
932,101: City General,EXPENSES,Department of Public Works,101-506: Environmental Control,51000: Total EMPLOYEE BENEFITS,F.I.C.A.,43459,41413,51282,48926,49415
933,101: City General,EXPENSES,Department of Public Works,101-506: Environmental Control,51000: Total EMPLOYEE BENEFITS,LOCAL 1033 BENEFITS EXPENSE,28274,32402,31942,33800,35297
934,101: City General,EXPENSES,Department of Public Works,101-506: Environmental Control,51000: Total EMPLOYEE BENEFITS,TRANSFER TO ACTIVE MEDICAL INS FUND,111172,104564,129892,153792,156868
935,101: City General,EXPENSES,Department of Public Works,101-506: Environmental Control,52000: Total DEPARTMENTAL SERVICES,REFUSE PROCESSING,3322312,3834154,3355000,3522750,3547409
936,101: City General,EXPENSES,Department of Public Works,101-506: Environmental Control,52100: Total G&A SERVICES,PEST CONTROL,0,0,0,15000,15105
937,101: City General,EXPENSES,Department of Public Works,101-506: Environmental Control,52100: Total G&A SERVICES,RECYCLING PICK UP,2846400,2932375,3020166,3276000,3298932
938,101: City General,EXPENSES,Department of Public Works,101-506: Environmental Control,52100: Total G&A SERVICES,WASTE RECYCLING EDUCATION,9797,17052,50000,50000,50000
939,101: City General,EXPENSES,Department of Public Works,101-506: Environmental Control,53400: Total CONTRACT SERVICES,PRIVATE CONTRACTORS,109540,74224,175000,175000,176225
940,101: City General,EXPENSES,Department of Public Works,101-506: Environmental Control,53400: Total CONTRACT SERVICES,GARBAGE PICK UP,3660049,3807989,4163157,4149000,4178043
941,101: City General,EXPENSES,Department of Public Works,101-506: Environmental Control,53500: Total OTHER SERVICES,MISC. EXPENSES,7016,37509,8000,8000,8056
942,101: City General,EXPENSES,Department of Public Works,101-506: Environmental Control,54000: Total OFFICE SUPPLIES,SMALL TOOLS   SHOP SUPPLIES,759,916,1000,6000,6042
943,101: City General,EXPENSES,Department of Public Works,101-506: Environmental Control,54260: Total ENVIRONMENTAL MANAGEMENT,CHEMICAL SUPPLIES,5906,10574,15000,0,0
944,101: City General,EXPENSES,Department of Public Works,101-508: Highway,50000: Total PERSONNEL SALARIES,SALARIES,1621359,1687999,2001514,2293994,2316934
945,101: City General,EXPENSES,Department of Public Works,101-508: Highway,50000: Total PERSONNEL SALARIES,SALARIES-TEMPORARIES,14379,52825,62292,62298,62298
946,101: City General,EXPENSES,Department of Public Works,101-508: Highway,50000: Total PERSONNEL SALARIES,OVERTIME,193877,149393,100000,100000,100000
947,101: City General,EXPENSES,Department of Public Works,101-508: Highway,50000: Total PERSONNEL SALARIES,POLICE & FIRE DETAILS FOR CITY DEPTS,7682,9014,10000,10000,10000
948,101: City General,EXPENSES,Department of Public Works,101-508: Highway,50000: Total PERSONNEL SALARIES,SICK LEAVE,87472,63614,0,0,0
949,101: City General,EXPENSES,Department of Public Works,101-508: Highway,50000: Total PERSONNEL SALARIES,VACATION,119919,90111,0,0,0
950,101: City General,EXPENSES,Department of Public Works,101-508: Highway,50000: Total PERSONNEL SALARIES,CALL BACK,0,65,0,0,0
951,101: City General,EXPENSES,Department of Public Works,101-508: Highway,50000: Total PERSONNEL SALARIES,HOLIDAY,133940,120901,0,0,0
952,101: City General,EXPENSES,Department of Public Works,101-508: Highway,50000: Total PERSONNEL SALARIES,LONGEVITY,54150,58592,57368,51574,52090
953,101: City General,EXPENSES,Department of Public Works,101-508: Highway,50000: Total PERSONNEL SALARIES,DIFFERENTIAL PAY,12630,12044,0,0,0
954,101: City General,EXPENSES,Department of Public Works,101-508: Highway,51000: Total EMPLOYEE BENEFITS,DENTAL INSURANCE,46553,48253,61284,61284,61284
955,101: City General,EXPENSES,Department of Public Works,101-508: Highway,51000: Total EMPLOYEE BENEFITS,LABORERS INT'L PENSION,220340,270467,244400,244400,244400
956,101: City General,EXPENSES,Department of Public Works,101-508: Highway,51000: Total EMPLOYEE BENEFITS,CITY OF PROVIDENCE PENSION EXPENSE,576451,588145,571996,612840,644892
957,101: City General,EXPENSES,Department of Public Works,101-508: Highway,51000: Total EMPLOYEE BENEFITS,F.I.C.A.,177953,170359,190950,200634,202640
958,101: City General,EXPENSES,Department of Public Works,101-508: Highway,51000: Total EMPLOYEE BENEFITS,STIPENDS,0,0,0,0,0
959,101: City General,EXPENSES,Department of Public Works,101-508: Highway,51000: Total EMPLOYEE BENEFITS,LOCAL 1033 BENEFITS EXPENSE,184624,192373,184768,195520,204182
960,101: City General,EXPENSES,Department of Public Works,101-508: Highway,51000: Total EMPLOYEE BENEFITS,TRANSFER TO ACTIVE MEDICAL INS FUND,496174,480458,615313,706644,720777
961,101: City General,EXPENSES,Department of Public Works,101-508: Highway,52100: Total G&A SERVICES,STREET SWEEPING,0,8416,185000,185000,185000
962,101: City General,EXPENSES,Department of Public Works,101-508: Highway,52880: Total OTHER CAPITAL EXPENSES,STRUCTURES & IMPROVEMENTS,78424,25042,100000,100000,100000
963,101: City General,EXPENSES,Department of Public Works,101-508: Highway,53500: Total OTHER SERVICES,MISC. EXPENSES,8631,3294,25000,15000,15105
964,101: City General,EXPENSES,Department of Public Works,101-508: Highway,54000: Total OFFICE SUPPLIES,STATIONERY,261,0,0,0,0
965,101: City General,EXPENSES,Department of Public Works,101-508: Highway,54000: Total OFFICE SUPPLIES,SMALL TOOLS   SHOP SUPPLIES,8673,11625,15000,12000,12084
966,101: City General,EXPENSES,Department of Public Works,101-508: Highway,54280: Total BRIDGE MAINTENANCE,ASPHALTIC PRODUCTS,82847,78096,100000,85000,85595
967,101: City General,EXPENSES,Department of Public Works,101-508: Highway,54700: Total OTHER SUPPLY,CEMENT PLASTER & PRODUCTS,8478,6285,20000,10000,10070
968,101: City General,EXPENSES,Department of Public Works,101-508: Highway,54700: Total OTHER SUPPLY,HOUSEKEEPING SUPPLIES,15671,15727,25000,16000,16112
969,101: City General,EXPENSES,Department of Public Works,101-508: Highway,54700: Total OTHER SUPPLY,LUMBER AND HARDWARE,2041,637,7500,4000,4028
970,101: City General,EXPENSES,Department of Public Works,101-508: Highway,54700: Total OTHER SUPPLY,UNIFORMS/WEARING APPAREL,47650,38655,50000,50000,50350
971,101: City General,EXPENSES,Department of Public Works,101-510: Snow Removal,50000: Total PERSONNEL SALARIES,OVERTIME,306,0,0,0,0
972,101: City General,EXPENSES,Department of Public Works,101-510: Snow Removal,50000: Total PERSONNEL SALARIES,SNOW REMOVAL OVERTIME,505395,200879,500000,500000,500000
973,101: City General,EXPENSES,Department of Public Works,101-510: Snow Removal,52910: Total R&M OTHER,MAIN & SERVICE,0,6060,0,0,0
974,101: City General,EXPENSES,Department of Public Works,101-510: Snow Removal,53010: Total RENT EQUIPMENT,RENTALS NO CLASSIFIED,606309,98774,600000,600000,600000
975,101: City General,EXPENSES,Department of Public Works,101-510: Snow Removal,53500: Total OTHER SERVICES,MISC. EXPENSES,182518,96771,105000,105000,105000
976,101: City General,EXPENSES,Department of Public Works,101-510: Snow Removal,54200: Total COMMUNICATION DEPT SUPPLIES,CONST & MAINT SUPPLIES,120129,100250,250000,250000,250000
977,101: City General,EXPENSES,Department of Public Works,101-510: Snow Removal,54700: Total OTHER SUPPLY,MATERIALS SNOW & ICE REMOVAL,507168,313450,723500,723500,723500
978,101: City General,EXPENSES,Department of Public Works,101-511: Sewer Construction,50000: Total PERSONNEL SALARIES,SALARIES,353634,335643,424409,469408,474102
979,101: City General,EXPENSES,Department of Public Works,101-511: Sewer Construction,50000: Total PERSONNEL SALARIES,OVERTIME,86870,65160,80000,80000,80000
980,101: City General,EXPENSES,Department of Public Works,101-511: Sewer Construction,50000: Total PERSONNEL SALARIES,SICK LEAVE,12803,8218,0,0,0
981,101: City General,EXPENSES,Department of Public Works,101-511: Sewer Construction,50000: Total PERSONNEL SALARIES,VACATION,24051,11248,0,0,0
982,101: City General,EXPENSES,Department of Public Works,101-511: Sewer Construction,50000: Total PERSONNEL SALARIES,CALL BACK,762,3116,0,0,0
983,101: City General,EXPENSES,Department of Public Works,101-511: Sewer Construction,50000: Total PERSONNEL SALARIES,HOLIDAY,28443,21399,0,0,0
984,101: City General,EXPENSES,Department of Public Works,101-511: Sewer Construction,50000: Total PERSONNEL SALARIES,LONGEVITY,12138,12768,13966,11746,11863
985,101: City General,EXPENSES,Department of Public Works,101-511: Sewer Construction,50000: Total PERSONNEL SALARIES,DIFFERENTIAL PAY,30,0,0,0,0
986,101: City General,EXPENSES,Department of Public Works,101-511: Sewer Construction,51000: Total EMPLOYEE BENEFITS,DENTAL INSURANCE,11942,12441,9264,9264,9264
987,101: City General,EXPENSES,Department of Public Works,101-511: Sewer Construction,51000: Total EMPLOYEE BENEFITS,LABORERS INT'L PENSION,53572,60577,46800,46800,46800
988,101: City General,EXPENSES,Department of Public Works,101-511: Sewer Construction,51000: Total EMPLOYEE BENEFITS,CITY OF PROVIDENCE PENSION EXPENSE,123005,114636,121064,119448,125695
989,101: City General,EXPENSES,Department of Public Works,101-511: Sewer Construction,51000: Total EMPLOYEE BENEFITS,F.I.C.A.,40551,34860,44175,42164,42586
990,101: City General,EXPENSES,Department of Public Works,101-511: Sewer Construction,51000: Total EMPLOYEE BENEFITS,LOCAL 1033 BENEFITS EXPENSE,42469,45722,35384,37440,39099
991,101: City General,EXPENSES,Department of Public Works,101-511: Sewer Construction,51000: Total EMPLOYEE BENEFITS,TRANSFER TO ACTIVE MEDICAL INS FUND,134279,103906,132218,152820,155876
992,101: City General,EXPENSES,Department of Public Works,101-511: Sewer Construction,52880: Total OTHER CAPITAL EXPENSES,STRUCTURES & IMPROVEMENTS,9399,37105,50000,50000,50000
993,101: City General,EXPENSES,Department of Public Works,101-511: Sewer Construction,54000: Total OFFICE SUPPLIES,SMALL TOOLS   SHOP SUPPLIES,4879,7138,10000,7000,7049
994,101: City General,EXPENSES,Department of Public Works,101-511: Sewer Construction,54200: Total COMMUNICATION DEPT SUPPLIES,CONST & MAINT SUPPLIES,14551,10725,15000,15000,15105
995,101: City General,EXPENSES,Department of Public Works,101-511: Sewer Construction,54270: Total HIGHWAY DEPT,GRAVEL SAND,2671,1770,7000,3000,3021
996,101: City General,EXPENSES,Department of Public Works,101-511: Sewer Construction,54290: Total SNOW REMOVAL,SPECIAL CASTINGS,22940,12720,60000,40000,40280
997,101: City General,EXPENSES,Department of Public Works,101-511: Sewer Construction,54700: Total OTHER SUPPLY,CEMENT PLASTER & PRODUCTS,480,0,0,0,0
998,101: City General,EXPENSES,Department of Public Works,101-515: Garage R&M Equipment,50000: Total PERSONNEL SALARIES,SALARIES,302360,350959,388734,436636,441002
999,101: City General,EXPENSES,Department of Public Works,101-515: Garage R&M Equipment,50000: Total PERSONNEL SALARIES,OVERTIME,22247,17496,3000,3000,3000
1000,101: City General,EXPENSES,Department of Public Works,101-515: Garage R&M Equipment,50000: Total PERSONNEL SALARIES,SICK LEAVE,16454,14324,0,0,0
1001,101: City General,EXPENSES,Department of Public Works,101-515: Garage R&M Equipment,50000: Total PERSONNEL SALARIES,VACATION,37334,27900,0,0,0
1002,101: City General,EXPENSES,Department of Public Works,101-515: Garage R&M Equipment,50000: Total PERSONNEL SALARIES,CALL BACK,344,0,0,0,0
1003,101: City General,EXPENSES,Department of Public Works,101-515: Garage R&M Equipment,50000: Total PERSONNEL SALARIES,HOLIDAY,24971,25736,0,0,0
1004,101: City General,EXPENSES,Department of Public Works,101-515: Garage R&M Equipment,50000: Total PERSONNEL SALARIES,LONGEVITY,16998,17660,18893,20169,20371
1005,101: City General,EXPENSES,Department of Public Works,101-515: Garage R&M Equipment,51000: Total EMPLOYEE BENEFITS,DENTAL INSURANCE,7029,7213,9324,9324,9324
1006,101: City General,EXPENSES,Department of Public Works,101-515: Garage R&M Equipment,51000: Total EMPLOYEE BENEFITS,LABORERS INT'L PENSION,29964,35868,36400,36400,36400
1007,101: City General,EXPENSES,Department of Public Works,101-515: Garage R&M Equipment,51000: Total EMPLOYEE BENEFITS,CITY OF PROVIDENCE PENSION EXPENSE,114812,128404,111367,133800,140798
1008,101: City General,EXPENSES,Department of Public Works,101-515: Garage R&M Equipment,51000: Total EMPLOYEE BENEFITS,F.I.C.A.,35182,35674,35889,37013,37383
1009,101: City General,EXPENSES,Department of Public Works,101-515: Garage R&M Equipment,51000: Total EMPLOYEE BENEFITS,LOCAL 1033 BENEFITS EXPENSE,24666,26320,27520,29120,30410
1010,101: City General,EXPENSES,Department of Public Works,101-515: Garage R&M Equipment,51000: Total EMPLOYEE BENEFITS,TRANSFER TO ACTIVE MEDICAL INS FUND,84782,81921,103622,120492,122902
1011,101: City General,EXPENSES,Department of Public Works,101-515: Garage R&M Equipment,52910: Total R&M OTHER,REPAIRS TO AUTOS & TRUCKS,152567,137796,150000,0,0
1012,101: City General,EXPENSES,Department of Public Works,101-515: Garage R&M Equipment,52910: Total R&M OTHER,REPAIRS TO OTHER EQUIPMENT,3605,1473,6000,6000,6042
1013,101: City General,EXPENSES,Department of Public Works,101-515: Garage R&M Equipment,54270: Total HIGHWAY DEPT,LUBRICANTS,9456,12126,10000,15000,15105
1014,101: City General,EXPENSES,Department of Public Works,101-515: Garage R&M Equipment,54700: Total OTHER SUPPLY,AUTO PARTS,0,0,0,150000,151050
1015,101: City General,EXPENSES,Department of Public Works,101-515: Garage R&M Equipment,54700: Total OTHER SUPPLY,TIRES,30859,26367,30000,30000,30210
1016,101: City General,EXPENSES,Department of Public Works,101-516: Parking Administration,50000: Total PERSONNEL SALARIES,SALARIES,169645,96504,172712,206982,209052
1017,101: City General,EXPENSES,Department of Public Works,101-516: Parking Administration,50000: Total PERSONNEL SALARIES,OVERTIME,10365,5260,5000,5000,5000
1018,101: City General,EXPENSES,Department of Public Works,101-516: Parking Administration,50000: Total PERSONNEL SALARIES,SICK LEAVE,10524,6817,0,0,0
1019,101: City General,EXPENSES,Department of Public Works,101-516: Parking Administration,50000: Total PERSONNEL SALARIES,VACATION,15231,4961,0,0,0
1020,101: City General,EXPENSES,Department of Public Works,101-516: Parking Administration,50000: Total PERSONNEL SALARIES,HOLIDAY,13378,6749,0,0,0
1021,101: City General,EXPENSES,Department of Public Works,101-516: Parking Administration,50000: Total PERSONNEL SALARIES,LONGEVITY,7625,6309,0,0,0
1022,101: City General,EXPENSES,Department of Public Works,101-516: Parking Administration,51000: Total EMPLOYEE BENEFITS,DENTAL INSURANCE,4795,2358,4656,4656,4656
1023,101: City General,EXPENSES,Department of Public Works,101-516: Parking Administration,51000: Total EMPLOYEE BENEFITS,LABORERS INT'L PENSION,14891,9067,15600,15600,15600
1024,101: City General,EXPENSES,Department of Public Works,101-516: Parking Administration,51000: Total EMPLOYEE BENEFITS,CITY OF PROVIDENCE PENSION EXPENSE,62409,35947,55705,37452,39411
1025,101: City General,EXPENSES,Department of Public Works,101-516: Parking Administration,51000: Total EMPLOYEE BENEFITS,F.I.C.A.,17257,9342,17492,17364,17538
1026,101: City General,EXPENSES,Department of Public Works,101-516: Parking Administration,51000: Total EMPLOYEE BENEFITS,LOCAL 1033 BENEFITS EXPENSE,11659,8122,11792,12480,13033
1027,101: City General,EXPENSES,Department of Public Works,101-516: Parking Administration,51000: Total EMPLOYEE BENEFITS,TRANSFER TO ACTIVE MEDICAL INS FUND,66837,29784,41697,43800,44676
1028,101: City General,EXPENSES,Department of Public Works,101-516: Parking Administration,52910: Total R&M OTHER,MAIN & SERVICE,44380,43019,50000,50000,50350
1029,101: City General,EXPENSES,Department of Public Works,101-516: Parking Administration,53400: Total CONTRACT SERVICES,PRIVATE CONTRACTORS,374934,306320,375000,273510,275425
1030,101: City General,EXPENSES,Office of Economic Opportunity,101-909: Office of Economic Opportunity,50000: Total PERSONNEL SALARIES,SALARIES,352809,366401,292114,378540,382325
1031,101: City General,EXPENSES,Office of Economic Opportunity,101-909: Office of Economic Opportunity,50000: Total PERSONNEL SALARIES,SALARIES-TEMPORARIES,99221,98753,94500,94500,94500
1032,101: City General,EXPENSES,Office of Economic Opportunity,101-909: Office of Economic Opportunity,50000: Total PERSONNEL SALARIES,SICK LEAVE,18193,11736,0,0,0
1033,101: City General,EXPENSES,Office of Economic Opportunity,101-909: Office of Economic Opportunity,50000: Total PERSONNEL SALARIES,VACATION,27011,16994,0,0,0
1034,101: City General,EXPENSES,Office of Economic Opportunity,101-909: Office of Economic Opportunity,50000: Total PERSONNEL SALARIES,HOLIDAY,24864,22092,0,0,0
1035,101: City General,EXPENSES,Office of Economic Opportunity,101-909: Office of Economic Opportunity,50000: Total PERSONNEL SALARIES,LONGEVITY,8317,8378,8576,8568,8654
1036,101: City General,EXPENSES,Office of Economic Opportunity,101-909: Office of Economic Opportunity,51000: Total EMPLOYEE BENEFITS,DENTAL INSURANCE,3566,2917,3456,3456,3456
1037,101: City General,EXPENSES,Office of Economic Opportunity,101-909: Office of Economic Opportunity,51000: Total EMPLOYEE BENEFITS,HEALTHCARE EE CASH PAYMENT,2500,1750,1750,0,0
1038,101: City General,EXPENSES,Office of Economic Opportunity,101-909: Office of Economic Opportunity,51000: Total EMPLOYEE BENEFITS,LABORERS INT'L PENSION,9089,9973,13650,13650,13650
1039,101: City General,EXPENSES,Office of Economic Opportunity,101-909: Office of Economic Opportunity,51000: Total EMPLOYEE BENEFITS,CITY OF PROVIDENCE PENSION EXPENSE,117652,115150,88266,119988,126263
1040,101: City General,EXPENSES,Office of Economic Opportunity,101-909: Office of Economic Opportunity,51000: Total EMPLOYEE BENEFITS,F.I.C.A.,40462,39233,38994,39521,39916
1041,101: City General,EXPENSES,Office of Economic Opportunity,101-909: Office of Economic Opportunity,51000: Total EMPLOYEE BENEFITS,LOCAL 1033 BENEFITS EXPENSE,7481,7528,10322,10920,11404
1042,101: City General,EXPENSES,Office of Economic Opportunity,101-909: Office of Economic Opportunity,51000: Total EMPLOYEE BENEFITS,TRANSFER TO ACTIVE MEDICAL INS FUND,32231,22973,29189,33792,34468
1043,101: City General,EXPENSES,Office of Economic Opportunity,101-909: Office of Economic Opportunity,52100: Total G&A SERVICES,FEES NOT CLASSIFIED,876570,813278,960000,960000,966720
1044,101: City General,EXPENSES,Office of Economic Opportunity,101-909: Office of Economic Opportunity,53100: Total TRAVEL & ENTERTAINMENT,TRANSPORTATION OF PERSONS-TRAINING,86,0,3000,3000,3000
1045,101: City General,EXPENSES,Office of Economic Opportunity,101-909: Office of Economic Opportunity,53200: Total PROFESSIONAL FEES,MISCELLANEOUS PROFESSIONAL SERVICES,0,0,3500,3500,3525
1046,101: City General,EXPENSES,Office of Economic Opportunity,101-909: Office of Economic Opportunity,53500: Total OTHER SERVICES,MISC. EXPENSES,1882,0,3500,3500,3525
1047,101: City General,EXPENSES,Office of Economic Opportunity,101-909: Office of Economic Opportunity,54000: Total OFFICE SUPPLIES,OFFICE SUPPLIES,0,0,0,1000,1007
1048,101: City General,EXPENSES,Office of Economic Opportunity,101-909: Office of Economic Opportunity,55000: Total OTHER EXPENDITURES,GRANT EXPENDITURES,157500,141923,250000,250000,250000
1049,101: City General,EXPENSES,Planning & Urban Development,101-908: Planning & Urban Development,50000: Total PERSONNEL SALARIES,SALARIES,1397929,1508409,1519895,1839233,1857625
1050,101: City General,EXPENSES,Planning & Urban Development,101-908: Planning & Urban Development,50000: Total PERSONNEL SALARIES,OVERTIME,4496,8238,9200,0,0
1051,101: City General,EXPENSES,Planning & Urban Development,101-908: Planning & Urban Development,50000: Total PERSONNEL SALARIES,SICK LEAVE,50067,74090,0,0,0
1052,101: City General,EXPENSES,Planning & Urban Development,101-908: Planning & Urban Development,50000: Total PERSONNEL SALARIES,VACATION,106199,90104,0,0,0
1053,101: City General,EXPENSES,Planning & Urban Development,101-908: Planning & Urban Development,50000: Total PERSONNEL SALARIES,HOLIDAY,105321,114898,0,0,0
1054,101: City General,EXPENSES,Planning & Urban Development,101-908: Planning & Urban Development,50000: Total PERSONNEL SALARIES,LONGEVITY,50538,54268,50747,46476,46941
1055,101: City General,EXPENSES,Planning & Urban Development,101-908: Planning & Urban Development,51000: Total EMPLOYEE BENEFITS,DENTAL INSURANCE,25053,26317,27432,27432,27432
1056,101: City General,EXPENSES,Planning & Urban Development,101-908: Planning & Urban Development,51000: Total EMPLOYEE BENEFITS,LABORERS INT'L PENSION,84353,94434,106470,106470,106470
1057,101: City General,EXPENSES,Planning & Urban Development,101-908: Planning & Urban Development,51000: Total EMPLOYEE BENEFITS,CITY OF PROVIDENCE PENSION EXPENSE,490139,538291,451121,560892,590227
1058,101: City General,EXPENSES,Planning & Urban Development,101-908: Planning & Urban Development,51000: Total EMPLOYEE BENEFITS,F.I.C.A.,128390,137451,146987,150749,152256
1059,101: City General,EXPENSES,Planning & Urban Development,101-908: Planning & Urban Development,51000: Total EMPLOYEE BENEFITS,STIPENDS,9167,10000,0,10000,10000
1060,101: City General,EXPENSES,Planning & Urban Development,101-908: Planning & Urban Development,51000: Total EMPLOYEE BENEFITS,AUTO ALLOWANCE,15777,475,0,0,0
1061,101: City General,EXPENSES,Planning & Urban Development,101-908: Planning & Urban Development,51000: Total EMPLOYEE BENEFITS,LOCAL 1033 BENEFITS EXPENSE,69260,72090,98382,85176,88949
1062,101: City General,EXPENSES,Planning & Urban Development,101-908: Planning & Urban Development,51000: Total EMPLOYEE BENEFITS,TRANSFER TO ACTIVE MEDICAL INS FUND,301916,316549,421933,465576,474888
1063,101: City General,EXPENSES,Planning & Urban Development,101-908: Planning & Urban Development,52100: Total G&A SERVICES,OTHER SERVICES,10361,2837,15500,15000,15105
1064,101: City General,EXPENSES,Planning & Urban Development,101-908: Planning & Urban Development,52100: Total G&A SERVICES,POSTAGE,5132,4000,5800,5800,5800
1065,101: City General,EXPENSES,Planning & Urban Development,101-908: Planning & Urban Development,52100: Total G&A SERVICES,ADVERTISING/MARKETING,8257,7000,10000,8000,8056
1066,101: City General,EXPENSES,Planning & Urban Development,101-908: Planning & Urban Development,52100: Total G&A SERVICES,DUES & SUBSCRIPTIONS,3202,3920,3500,3500,3525
1067,101: City General,EXPENSES,Planning & Urban Development,101-908: Planning & Urban Development,52100: Total G&A SERVICES,PRINTING,1370,3475,2500,2500,2518
1068,101: City General,EXPENSES,Planning & Urban Development,101-908: Planning & Urban Development,52900: Total R&M EQUIPMENT,REPAIRS TO OFFICE EQUIPMENT,0,1365,3500,1500,1511
1069,101: City General,EXPENSES,Planning & Urban Development,101-908: Planning & Urban Development,53000: Total RENT OTHER,RENTAL OF LAND AND BUILDINGS,258985,314818,329643,338708,341079
1070,101: City General,EXPENSES,Planning & Urban Development,101-908: Planning & Urban Development,53010: Total RENT EQUIPMENT,RENTAL OF EQUIPMENT,21805,16039,18000,18000,18126
1071,101: City General,EXPENSES,Planning & Urban Development,101-908: Planning & Urban Development,53100: Total TRAVEL & ENTERTAINMENT,TRAVEL,6821,1012,14000,14000,14000
1072,101: City General,EXPENSES,Planning & Urban Development,101-908: Planning & Urban Development,53200: Total PROFESSIONAL FEES,MISCELLANEOUS PROFESSIONAL SERVICES,164219,85876,155000,155000,156085
1073,101: City General,EXPENSES,Planning & Urban Development,101-908: Planning & Urban Development,53500: Total OTHER SERVICES,MISC. EXPENSES,3594,25350,7500,5000,5035
1074,101: City General,EXPENSES,Planning & Urban Development,101-908: Planning & Urban Development,54000: Total OFFICE SUPPLIES,OFFICE SUPPLIES,6244,6966,10300,7000,7049
1075,101: City General,EXPENSES,Planning & Urban Development,101-908: Planning & Urban Development,55000: Total OTHER EXPENDITURES,PBA EXPENSES,225000,113000,100000,75000,75000
1076,101: City General,EXPENSES,Public Safety,101-301: Commissioner of Public Safety,50000: Total PERSONNEL SALARIES,SALARIES,598494,398470,702416,735584,742940
1077,101: City General,EXPENSES,Public Safety,101-301: Commissioner of Public Safety,50000: Total PERSONNEL SALARIES,SALARIES-TEMPORARIES,0,0,0,0,0
1078,101: City General,EXPENSES,Public Safety,101-301: Commissioner of Public Safety,50000: Total PERSONNEL SALARIES,OVERTIME,7779,3358,7200,5000,5000
1079,101: City General,EXPENSES,Public Safety,101-301: Commissioner of Public Safety,50000: Total PERSONNEL SALARIES,SICK LEAVE,24506,15530,0,0,0
1080,101: City General,EXPENSES,Public Safety,101-301: Commissioner of Public Safety,50000: Total PERSONNEL SALARIES,VACATION,69000,52499,0,0,0
1081,101: City General,EXPENSES,Public Safety,101-301: Commissioner of Public Safety,50000: Total PERSONNEL SALARIES,CALL BACK,6723,7518,7200,5000,5000
1082,101: City General,EXPENSES,Public Safety,101-301: Commissioner of Public Safety,50000: Total PERSONNEL SALARIES,HOLIDAY,45766,37007,0,0,0
1083,101: City General,EXPENSES,Public Safety,101-301: Commissioner of Public Safety,50000: Total PERSONNEL SALARIES,LONGEVITY,30531,25845,20193,19057,19248
1084,101: City General,EXPENSES,Public Safety,101-301: Commissioner of Public Safety,51000: Total EMPLOYEE BENEFITS,DENTAL INSURANCE,10089,8395,10032,10032,10032
1085,101: City General,EXPENSES,Public Safety,101-301: Commissioner of Public Safety,51000: Total EMPLOYEE BENEFITS,LABORERS INT'L PENSION,25901,25107,31850,31850,31850
1086,101: City General,EXPENSES,Public Safety,101-301: Commissioner of Public Safety,51000: Total EMPLOYEE BENEFITS,CITY OF PROVIDENCE PENSION EXPENSE,219355,199333,201085,207708,218571
1087,101: City General,EXPENSES,Public Safety,101-301: Commissioner of Public Safety,51000: Total EMPLOYEE BENEFITS,F.I.C.A.,56283,50829,62517,62703,63330
1088,101: City General,EXPENSES,Public Safety,101-301: Commissioner of Public Safety,51000: Total EMPLOYEE BENEFITS,LOCAL 1033 BENEFITS EXPENSE,21316,18424,24076,25480,26609
1089,101: City General,EXPENSES,Public Safety,101-301: Commissioner of Public Safety,51000: Total EMPLOYEE BENEFITS,TRANSFER TO ACTIVE MEDICAL INS FUND,99834,78767,101558,115848,118165
1090,101: City General,EXPENSES,Public Safety,101-301: Commissioner of Public Safety,52100: Total G&A SERVICES,FEES NOT CLASSIFIED,1000,0,1000,0,0
1091,101: City General,EXPENSES,Public Safety,101-301: Commissioner of Public Safety,52850: Total COMPUTER EQUIPMENT,COMPUTER EQUIPMENT,101581,8660,36547,249467,251213
1092,101: City General,EXPENSES,Public Safety,101-301: Commissioner of Public Safety,52910: Total R&M OTHER,MAIN & SERVICE,512871,590321,772119,750190,755441
1093,101: City General,EXPENSES,Public Safety,101-301: Commissioner of Public Safety,52910: Total R&M OTHER,COPIERS LEASE AND MAINTENANCE,0,0,0,6572,6618
1094,101: City General,EXPENSES,Public Safety,101-301: Commissioner of Public Safety,53100: Total TRAVEL & ENTERTAINMENT,TRAVEL,2739,3154,3400,3400,3400
1095,101: City General,EXPENSES,Public Safety,101-301: Commissioner of Public Safety,53500: Total OTHER SERVICES,MISC. EXPENSES,1588,1789,3000,1800,1813
1096,101: City General,EXPENSES,Public Safety,101-301: Commissioner of Public Safety,54000: Total OFFICE SUPPLIES,OFFICE SUPPLIES,0,0,0,1800,1813
1097,101: City General,EXPENSES,Public Safety,101-301: Commissioner of Public Safety,54000: Total OFFICE SUPPLIES,STATIONERY,3043,2293,2100,300,302
1098,101: City General,EXPENSES,Public Safety,101-301: Commissioner of Public Safety,54700: Total OTHER SUPPLY,MISCELLANEOUS MATERIALS AND SUPPLIES,1000,1625,1000,1500,1511
1099,101: City General,EXPENSES,Public Safety,101-302: Police,50000: Total PERSONNEL SALARIES,SALARIES,25737680,18995717,36519784,38765000,40509425
1100,101: City General,EXPENSES,Public Safety,101-302: Police,50000: Total PERSONNEL SALARIES,OVERTIME,1641798,1627463,2095500,1960466,1960466
1101,101: City General,EXPENSES,Public Safety,101-302: Police,50000: Total PERSONNEL SALARIES,OVERTIME - SPECIAL EVENTS,313736,823945,260000,260000,260000
1102,101: City General,EXPENSES,Public Safety,101-302: Police,50000: Total PERSONNEL SALARIES,OVERTIME - TRAINING,0,0,0,85000,85000
1103,101: City General,EXPENSES,Public Safety,101-302: Police,50000: Total PERSONNEL SALARIES,SICK LEAVE,2169081,1415261,0,0,0
1104,101: City General,EXPENSES,Public Safety,101-302: Police,50000: Total PERSONNEL SALARIES,SICK LEAVE BONUS,15410,49805,0,0,0
1105,101: City General,EXPENSES,Public Safety,101-302: Police,50000: Total PERSONNEL SALARIES,VACATION,3062426,2183873,0,0,0
1106,101: City General,EXPENSES,Public Safety,101-302: Police,50000: Total PERSONNEL SALARIES,SERVICE OUT OF RANK,51,0,0,0,0
1107,101: City General,EXPENSES,Public Safety,101-302: Police,50000: Total PERSONNEL SALARIES,CALL BACK,1439323,1291331,3500000,1450000,1450000
1108,101: City General,EXPENSES,Public Safety,101-302: Police,50000: Total PERSONNEL SALARIES,INJURED EMPLOYEES,780714,388888,0,0,0
1109,101: City General,EXPENSES,Public Safety,101-302: Police,50000: Total PERSONNEL SALARIES,HOLIDAY PAY POLICE FIRE,1278764,1095715,1375118,1582362,1621921
1110,101: City General,EXPENSES,Public Safety,101-302: Police,50000: Total PERSONNEL SALARIES,HOLIDAY,1657726,1404628,0,0,0
1111,101: City General,EXPENSES,Public Safety,101-302: Police,50000: Total PERSONNEL SALARIES,LONGEVITY,2225737,1542371,2347291,2536966,2651129
1112,101: City General,EXPENSES,Public Safety,101-302: Police,50000: Total PERSONNEL SALARIES,WITNESS FEE,222409,199224,264056,141963,141963
1113,101: City General,EXPENSES,Public Safety,101-302: Police,50000: Total PERSONNEL SALARIES,DIFFERENTIAL PAY,40910,32029,49920,49920,49920
1114,101: City General,EXPENSES,Public Safety,101-302: Police,50000: Total PERSONNEL SALARIES,ALTERNATIVE WORK WEEK,100569,73704,111384,111384,111384
1115,101: City General,EXPENSES,Public Safety,101-302: Police,51000: Total EMPLOYEE BENEFITS,DENTAL INSURANCE,558943,505490,523692,523692,523692
1116,101: City General,EXPENSES,Public Safety,101-302: Police,51000: Total EMPLOYEE BENEFITS,HEALTHCARE EE CASH PAYMENT,1500,2000,0,0,0
1117,101: City General,EXPENSES,Public Safety,101-302: Police,51000: Total EMPLOYEE BENEFITS,LABORERS INT'L PENSION,384402,398506,442650,442650,442650
1118,101: City General,EXPENSES,Public Safety,101-302: Police,51000: Total EMPLOYEE BENEFITS,CITY OF PROVIDENCE PENSION EXPENSE,27901711,27693212,30690292,32397111,34091480
1119,101: City General,EXPENSES,Public Safety,101-302: Police,51000: Total EMPLOYEE BENEFITS,POLICE LEGAL FUND,62724,66175,66000,0,0
1120,101: City General,EXPENSES,Public Safety,101-302: Police,51000: Total EMPLOYEE BENEFITS,F.I.C.A.,967384,932305,926548,938638,948024
1121,101: City General,EXPENSES,Public Safety,101-302: Police,51000: Total EMPLOYEE BENEFITS,STIPENDS,0,0,0,0,0
1122,101: City General,EXPENSES,Public Safety,101-302: Police,51000: Total EMPLOYEE BENEFITS,LOCAL 1033 BENEFITS EXPENSE,310584,303000,334646,354120,369808
1123,101: City General,EXPENSES,Public Safety,101-302: Police,51000: Total EMPLOYEE BENEFITS,TRANSFER TO ACTIVE MEDICAL INS FUND,6154016,5616136,4258740,4184261,4267946
1124,101: City General,EXPENSES,Public Safety,101-302: Police,52000: Total DEPARTMENTAL SERVICES,REFUSE PROCESSING,0,0,0,47014,47343
1125,101: City General,EXPENSES,Public Safety,101-302: Police,52000: Total DEPARTMENTAL SERVICES,RUBBISH REMOVAL,25915,29769,30224,0,0
1126,101: City General,EXPENSES,Public Safety,101-302: Police,52000: Total DEPARTMENTAL SERVICES,PROMOTIONAL EXAMS,40291,38698,30000,30000,30210
1127,101: City General,EXPENSES,Public Safety,101-302: Police,52100: Total G&A SERVICES,FEES NOT CLASSIFIED,95100,26610,232392,20004,20144
1128,101: City General,EXPENSES,Public Safety,101-302: Police,52100: Total G&A SERVICES,POSTAGE,3010,2994,3600,3000,3000
1129,101: City General,EXPENSES,Public Safety,101-302: Police,52100: Total G&A SERVICES,DUES & SUBSCRIPTIONS,11470,10434,9545,9944,10014
1130,101: City General,EXPENSES,Public Safety,101-302: Police,52100: Total G&A SERVICES,PEST CONTROL,0,0,0,4000,4028
1131,101: City General,EXPENSES,Public Safety,101-302: Police,52100: Total G&A SERVICES,PRINTING,40476,24923,36000,25000,25175
1132,101: City General,EXPENSES,Public Safety,101-302: Police,52400: Total UTILITIES,TELEPHONE,11764,5897,12000,12000,12084
1133,101: City General,EXPENSES,Public Safety,101-302: Police,52600: Total RECRUITMENT COSTS,PERSONNEL RECRUITMENT,89943,12847,140865,0,0
1134,101: City General,EXPENSES,Public Safety,101-302: Police,52600: Total RECRUITMENT COSTS,BACKGROUND CHECK,32010,22020,36000,24000,24000
1135,101: City General,EXPENSES,Public Safety,101-302: Police,52700: Total TRAINING & DEVELOPMENT,TRAINING,96133,88592,100000,150000,150000
1136,101: City General,EXPENSES,Public Safety,101-302: Police,52700: Total TRAINING & DEVELOPMENT,TUITION,117499,46841,100000,100000,100000
1137,101: City General,EXPENSES,Public Safety,101-302: Police,52850: Total COMPUTER EQUIPMENT,COMPUTER EQUIPMENT,0,0,0,0,0
1138,101: City General,EXPENSES,Public Safety,101-302: Police,52860: Total FURNITURE AND FIXTURES,OFFICE FURNITURE,515,0,0,0,0
1139,101: City General,EXPENSES,Public Safety,101-302: Police,52900: Total R&M EQUIPMENT,REPAIRS TO EQUIPMENT,56886,59995,78161,142000,142994
1140,101: City General,EXPENSES,Public Safety,101-302: Police,52910: Total R&M OTHER,MAIN & SERVICE,290754,429319,442316,524419,528090
1141,101: City General,EXPENSES,Public Safety,101-302: Police,52910: Total R&M OTHER,REPAIRS TO AUTOS & TRUCKS,62631,180425,104000,134000,134938
1142,101: City General,EXPENSES,Public Safety,101-302: Police,52910: Total R&M OTHER,COPIERS LEASE AND MAINTENANCE,0,0,0,34903,35147
1143,101: City General,EXPENSES,Public Safety,101-302: Police,52910: Total R&M OTHER,EXTERIOR MAINT - VEHICLES,41715,67059,36000,55000,55385
1144,101: City General,EXPENSES,Public Safety,101-302: Police,53010: Total RENT EQUIPMENT,RENTAL OF EQUIPMENT,25000,25000,28000,25000,25175
1145,101: City General,EXPENSES,Public Safety,101-302: Police,53010: Total RENT EQUIPMENT,RENTALS NO CLASSIFIED,0,0,0,3392,3416
1146,101: City General,EXPENSES,Public Safety,101-302: Police,53100: Total TRAVEL & ENTERTAINMENT,TRAVEL,379,0,0,0,0
1147,101: City General,EXPENSES,Public Safety,101-302: Police,53100: Total TRAVEL & ENTERTAINMENT,TRANSPORTATION OF PERSONS-TRAINING,-379,0,0,0,0
1148,101: City General,EXPENSES,Public Safety,101-302: Police,53200: Total PROFESSIONAL FEES,LEGAL EXPENSES,82445,80000,80000,80000,80000
1149,101: City General,EXPENSES,Public Safety,101-302: Police,53200: Total PROFESSIONAL FEES,COURT REPORTERS,12643,9779,25000,20000,20140
1150,101: City General,EXPENSES,Public Safety,101-302: Police,53400: Total CONTRACT SERVICES,CONTRACTUAL SERVICES,1653539,925127,1200000,1000000,1007000
1151,101: City General,EXPENSES,Public Safety,101-302: Police,53400: Total CONTRACT SERVICES,RED LIGHT CAMERA FEES,1474843,1664759,1619868,1790417,1790417
1152,101: City General,EXPENSES,Public Safety,101-302: Police,53400: Total CONTRACT SERVICES,SPEED ZONE CAMERA EXPENSE,1898700,1385398,1600000,1949000,1949000
1153,101: City General,EXPENSES,Public Safety,101-302: Police,53500: Total OTHER SERVICES,MISC. EXPENSES,26632,35688,30000,28600,28800
1154,101: City General,EXPENSES,Public Safety,101-302: Police,54000: Total OFFICE SUPPLIES,OFFICE SUPPLIES,0,0,0,25000,25175
1155,101: City General,EXPENSES,Public Safety,101-302: Police,54000: Total OFFICE SUPPLIES,STATIONERY,23282,17192,23375,0,0
1156,101: City General,EXPENSES,Public Safety,101-302: Police,54100: Total POLICE DEPT SUPPLIES,ANIMAL FOOD,22932,26556,29500,24500,24672
1157,101: City General,EXPENSES,Public Safety,101-302: Police,54100: Total POLICE DEPT SUPPLIES,CANINE UNIT - SUPPLIES,59698,59767,60000,80500,81064
1158,101: City General,EXPENSES,Public Safety,101-302: Police,54100: Total POLICE DEPT SUPPLIES,EQUESTRIAN ACCOUNT,14586,1404,25000,50000,50350
1159,101: City General,EXPENSES,Public Safety,101-302: Police,54100: Total POLICE DEPT SUPPLIES,EQUESTRIAN UNIT - SUPPLIES,31316,40694,36725,35600,35849
1160,101: City General,EXPENSES,Public Safety,101-302: Police,54100: Total POLICE DEPT SUPPLIES,EQUESTRIAN UNIT - PROF CARE,25323,42815,46500,48500,48840
1161,101: City General,EXPENSES,Public Safety,101-302: Police,54100: Total POLICE DEPT SUPPLIES,GUNS & AMMUNITION,85256,107881,154450,122620,123478
1162,101: City General,EXPENSES,Public Safety,101-302: Police,54150: Total FIRE DEPT SUPPLIES,MED CHEM & LAB SUPPLIES,6008,43600,15000,15000,15105
1163,101: City General,EXPENSES,Public Safety,101-302: Police,54270: Total HIGHWAY DEPT,LUBRICANTS,0,0,0,15000,15105
1164,101: City General,EXPENSES,Public Safety,101-302: Police,54700: Total OTHER SUPPLY,AUTO PARTS,215457,297120,275000,278000,279946
1165,101: City General,EXPENSES,Public Safety,101-302: Police,54700: Total OTHER SUPPLY,FOOD,3292,2405,4500,2500,2518
1166,101: City General,EXPENSES,Public Safety,101-302: Police,54700: Total OTHER SUPPLY,FUEL,311,0,4000,2000,2014
1167,101: City General,EXPENSES,Public Safety,101-302: Police,54700: Total OTHER SUPPLY,HOUSEKEEPING SUPPLIES,7252,15468,8000,10000,10070
1168,101: City General,EXPENSES,Public Safety,101-302: Police,54700: Total OTHER SUPPLY,TIRES,42401,55381,45000,60000,60420
1169,101: City General,EXPENSES,Public Safety,101-302: Police,54700: Total OTHER SUPPLY,UNIFORMS/WEARING APPAREL,885031,823437,963626,934048,940586
1170,101: City General,EXPENSES,Public Safety,101-302: Police,54700: Total OTHER SUPPLY,MISCELLANEOUS MATERIALS AND SUPPLIES,357939,120563,213235,117924,118749
1171,101: City General,EXPENSES,Public Safety,101-303: Fire,50000: Total PERSONNEL SALARIES,SALARIES,20026979,17713441,31499640,31398720,31712707
1172,101: City General,EXPENSES,Public Safety,101-303: Fire,50000: Total PERSONNEL SALARIES,OVERTIME,64683,83526,75000,75000,75000
1173,101: City General,EXPENSES,Public Safety,101-303: Fire,50000: Total PERSONNEL SALARIES,OVERTIME - TRAINING,58975,172993,238594,200000,200000
1174,101: City General,EXPENSES,Public Safety,101-303: Fire,50000: Total PERSONNEL SALARIES,SICK LEAVE,1124797,1072543,0,0,0
1175,101: City General,EXPENSES,Public Safety,101-303: Fire,50000: Total PERSONNEL SALARIES,VACATION,2287979,1798963,0,0,0
1176,101: City General,EXPENSES,Public Safety,101-303: Fire,50000: Total PERSONNEL SALARIES,SERVICE OUT OF RANK,284861,319497,297095,174303,174303
1177,101: City General,EXPENSES,Public Safety,101-303: Fire,50000: Total PERSONNEL SALARIES,CALL BACK,5591560,3815598,5400000,5400000,5400000
1178,101: City General,EXPENSES,Public Safety,101-303: Fire,50000: Total PERSONNEL SALARIES,INJURED EMPLOYEES,689331,651183,0,0,0
1179,101: City General,EXPENSES,Public Safety,101-303: Fire,50000: Total PERSONNEL SALARIES,HOLIDAY PAY POLICE FIRE,1128343,1193384,1479300,1480760,1517779
1180,101: City General,EXPENSES,Public Safety,101-303: Fire,50000: Total PERSONNEL SALARIES,HOLIDAY,1139381,1191830,0,0,0
1181,101: City General,EXPENSES,Public Safety,101-303: Fire,50000: Total PERSONNEL SALARIES,LONGEVITY,1759939,1915448,1990846,1895385,1914339
1182,101: City General,EXPENSES,Public Safety,101-303: Fire,50000: Total PERSONNEL SALARIES,DIFFERENTIAL PAY,5730,4500,6240,6240,6240
1183,101: City General,EXPENSES,Public Safety,101-303: Fire,51000: Total EMPLOYEE BENEFITS,DENTAL INSURANCE,359394,389036,504633,504633,504633
1184,101: City General,EXPENSES,Public Safety,101-303: Fire,51000: Total EMPLOYEE BENEFITS,HEALTHCARE EE CASH PAYMENT,2000,2000,0,0,0
1185,101: City General,EXPENSES,Public Safety,101-303: Fire,51000: Total EMPLOYEE BENEFITS,EDUCATIONAL INCENTIVE SALARIES,3640,3640,3640,3640,3640
1186,101: City General,EXPENSES,Public Safety,101-303: Fire,51000: Total EMPLOYEE BENEFITS,LABORERS INT'L PENSION,93229,102871,115700,120250,120250
1187,101: City General,EXPENSES,Public Safety,101-303: Fire,51000: Total EMPLOYEE BENEFITS,CITY OF PROVIDENCE PENSION EXPENSE,24839230,30359255,31532609,32996972,34722714
1188,101: City General,EXPENSES,Public Safety,101-303: Fire,51000: Total EMPLOYEE BENEFITS,F.I.C.A.,608755,628604,704215,711912,719031
1189,101: City General,EXPENSES,Public Safety,101-303: Fire,51000: Total EMPLOYEE BENEFITS,STIPENDS,5500,3900,2600,3900,3900
1190,101: City General,EXPENSES,Public Safety,101-303: Fire,51000: Total EMPLOYEE BENEFITS,LOCAL 1033 BENEFITS EXPENSE,76592,78246,87466,92560,96660
1191,101: City General,EXPENSES,Public Safety,101-303: Fire,51000: Total EMPLOYEE BENEFITS,TRANSFER TO ACTIVE MEDICAL INS FUND,5143963,5485016,5275869,5522561,5633012
1192,101: City General,EXPENSES,Public Safety,101-303: Fire,52000: Total DEPARTMENTAL SERVICES,PROMOTIONAL EXAMS,8852,3924,25000,15000,15105
1193,101: City General,EXPENSES,Public Safety,101-303: Fire,52100: Total G&A SERVICES,FEES NOT CLASSIFIED,3368,1336,4500,4500,4532
1194,101: City General,EXPENSES,Public Safety,101-303: Fire,52100: Total G&A SERVICES,POSTAGE,1464,1559,2400,1600,1600
1195,101: City General,EXPENSES,Public Safety,101-303: Fire,52100: Total G&A SERVICES,PEST CONTROL,0,0,0,5000,5035
1196,101: City General,EXPENSES,Public Safety,101-303: Fire,52600: Total RECRUITMENT COSTS,PERSONNEL RECRUITMENT,62440,0,0,300000,0
1197,101: City General,EXPENSES,Public Safety,101-303: Fire,52700: Total TRAINING & DEVELOPMENT,TRAINING,0,400,0,74822,74822
1198,101: City General,EXPENSES,Public Safety,101-303: Fire,52700: Total TRAINING & DEVELOPMENT,TUITION,105117,155460,78000,81000,81000
1199,101: City General,EXPENSES,Public Safety,101-303: Fire,52900: Total R&M EQUIPMENT,REPAIRS TO EQUIPMENT,110,719,0,0,0
1200,101: City General,EXPENSES,Public Safety,101-303: Fire,52910: Total R&M OTHER,MAIN & SERVICE,17558,45142,58888,49890,50239
1201,101: City General,EXPENSES,Public Safety,101-303: Fire,52910: Total R&M OTHER,REPAIRS TO AUTOS & TRUCKS,4087,6046,50000,10500,10574
1202,101: City General,EXPENSES,Public Safety,101-303: Fire,52910: Total R&M OTHER,COPIERS LEASE AND MAINTENANCE,0,0,0,8998,9061
1203,101: City General,EXPENSES,Public Safety,101-303: Fire,52910: Total R&M OTHER,REPAIRS TO OTHER EQUIPMENT,13474,19474,10000,15000,15105
1204,101: City General,EXPENSES,Public Safety,101-303: Fire,53100: Total TRAVEL & ENTERTAINMENT,TRANSPORTATION OF PERSONS-TRAINING,15007,42730,50000,0,0
1205,101: City General,EXPENSES,Public Safety,101-303: Fire,53200: Total PROFESSIONAL FEES,LEGAL EXPENSES,120190,120175,120000,120000,120000
1206,101: City General,EXPENSES,Public Safety,101-303: Fire,53200: Total PROFESSIONAL FEES,MISCELLANEOUS PROFESSIONAL SERVICES,0,0,5000,5000,5035
1207,101: City General,EXPENSES,Public Safety,101-303: Fire,53500: Total OTHER SERVICES,MISC. EXPENSES,7218,44826,14500,8000,8056
1208,101: City General,EXPENSES,Public Safety,101-303: Fire,54000: Total OFFICE SUPPLIES,OFFICE SUPPLIES,0,0,0,16300,16414
1209,101: City General,EXPENSES,Public Safety,101-303: Fire,54000: Total OFFICE SUPPLIES,STATIONERY,14316,9276,9800,0,0
1210,101: City General,EXPENSES,Public Safety,101-303: Fire,54000: Total OFFICE SUPPLIES,SMALL TOOLS   SHOP SUPPLIES,4342,5351,21430,15000,15105
1211,101: City General,EXPENSES,Public Safety,101-303: Fire,54150: Total FIRE DEPT SUPPLIES,MED CHEM & LAB SUPPLIES,126052,202617,141138,163138,164280
1212,101: City General,EXPENSES,Public Safety,101-303: Fire,54200: Total COMMUNICATION DEPT SUPPLIES,CONST & MAINT SUPPLIES,52099,32682,50200,50200,50551
1213,101: City General,EXPENSES,Public Safety,101-303: Fire,54270: Total HIGHWAY DEPT,LUBRICANTS,0,0,0,18000,18126
1214,101: City General,EXPENSES,Public Safety,101-303: Fire,54600: Total SCHOOL SUPPLIES,EDUCATIONAL MATERIALS,4077,5065,39617,9907,9976
1215,101: City General,EXPENSES,Public Safety,101-303: Fire,54700: Total OTHER SUPPLY,AUTO PARTS,505016,529628,400000,400000,402800
1216,101: City General,EXPENSES,Public Safety,101-303: Fire,54700: Total OTHER SUPPLY,HOUSEKEEPING SUPPLIES,21936,22525,21000,25000,25175
1217,101: City General,EXPENSES,Public Safety,101-303: Fire,54700: Total OTHER SUPPLY,LUMBER AND HARDWARE,10570,7259,15000,8000,8056
1218,101: City General,EXPENSES,Public Safety,101-303: Fire,54700: Total OTHER SUPPLY,TIRES,71868,55988,70000,55000,55385
1219,101: City General,EXPENSES,Public Safety,101-303: Fire,54700: Total OTHER SUPPLY,UNIFORMS/WEARING APPAREL,561514,586179,731765,590000,594130
1220,101: City General,EXPENSES,Public Safety,101-303: Fire,54700: Total OTHER SUPPLY,MISCELLANEOUS MATERIALS AND SUPPLIES,74523,105538,187614,150000,151050
1221,101: City General,EXPENSES,Public Safety,101-304: Communications,50000: Total PERSONNEL SALARIES,SALARIES,3356809,2509881,3996901,4324684,4367931
1222,101: City General,EXPENSES,Public Safety,101-304: Communications,50000: Total PERSONNEL SALARIES,OVERTIME,267952,241091,275000,275000,275000
1223,101: City General,EXPENSES,Public Safety,101-304: Communications,50000: Total PERSONNEL SALARIES,SICK LEAVE,190976,111284,0,0,0
1224,101: City General,EXPENSES,Public Safety,101-304: Communications,50000: Total PERSONNEL SALARIES,VACATION,331615,266590,0,0,0
1225,101: City General,EXPENSES,Public Safety,101-304: Communications,50000: Total PERSONNEL SALARIES,CALL BACK,122652,97598,160000,125000,125000
1226,101: City General,EXPENSES,Public Safety,101-304: Communications,50000: Total PERSONNEL SALARIES,HOLIDAY,322932,296917,0,0,0
1227,101: City General,EXPENSES,Public Safety,101-304: Communications,50000: Total PERSONNEL SALARIES,LONGEVITY,178952,181739,189927,185392,187246
1228,101: City General,EXPENSES,Public Safety,101-304: Communications,50000: Total PERSONNEL SALARIES,DIFFERENTIAL PAY,47148,34194,43680,43680,43680
1229,101: City General,EXPENSES,Public Safety,101-304: Communications,51000: Total EMPLOYEE BENEFITS,DENTAL INSURANCE,68005,64135,76872,76872,76872
1230,101: City General,EXPENSES,Public Safety,101-304: Communications,51000: Total EMPLOYEE BENEFITS,HEALTHCARE EE CASH PAYMENT,3000,2250,0,0,0
1231,101: City General,EXPENSES,Public Safety,101-304: Communications,51000: Total EMPLOYEE BENEFITS,EDUCATIONAL INCENTIVE SALARIES,195790,190638,196560,189280,189280
1232,101: City General,EXPENSES,Public Safety,101-304: Communications,51000: Total EMPLOYEE BENEFITS,LABORERS INT'L PENSION,303181,341441,344500,339950,339950
1233,101: City General,EXPENSES,Public Safety,101-304: Communications,51000: Total EMPLOYEE BENEFITS,CITY OF PROVIDENCE PENSION EXPENSE,1295984,1344875,1071987,1401340,1474630
1234,101: City General,EXPENSES,Public Safety,101-304: Communications,51000: Total EMPLOYEE BENEFITS,F.I.C.A.,374573,382172,395949,404673,408720
1235,101: City General,EXPENSES,Public Safety,101-304: Communications,51000: Total EMPLOYEE BENEFITS,STIPENDS,0,0,0,0,0
1236,101: City General,EXPENSES,Public Safety,101-304: Communications,51000: Total EMPLOYEE BENEFITS,LOCAL 1033 BENEFITS EXPENSE,248097,250905,267320,271960,284008
1237,101: City General,EXPENSES,Public Safety,101-304: Communications,51000: Total EMPLOYEE BENEFITS,TRANSFER TO ACTIVE MEDICAL INS FUND,816071,738825,951628,1086681,1108415
1238,101: City General,EXPENSES,Public Safety,101-304: Communications,52000: Total DEPARTMENTAL SERVICES,RUBBISH REMOVAL,0,0,0,2700,2719
1239,101: City General,EXPENSES,Public Safety,101-304: Communications,52100: Total G&A SERVICES,FEES NOT CLASSIFIED,4731,5477,14259,0,0
1240,101: City General,EXPENSES,Public Safety,101-304: Communications,52100: Total G&A SERVICES,POSTAGE,509,267,600,360,360
1241,101: City General,EXPENSES,Public Safety,101-304: Communications,52400: Total UTILITIES,TELEPHONE,707520,916942,735121,876741,882878
1242,101: City General,EXPENSES,Public Safety,101-304: Communications,52860: Total FURNITURE AND FIXTURES,OFFICE FURNITURE,0,376,0,30000,0
1243,101: City General,EXPENSES,Public Safety,101-304: Communications,52900: Total R&M EQUIPMENT,REPAIRS TO EQUIPMENT,0,640,0,0,0
1244,101: City General,EXPENSES,Public Safety,101-304: Communications,52910: Total R&M OTHER,MAIN & SERVICE,444863,785572,338680,347350,349781
1245,101: City General,EXPENSES,Public Safety,101-304: Communications,52910: Total R&M OTHER,REPAIRS TO AUTOS & TRUCKS,9537,260,10000,500,504
1246,101: City General,EXPENSES,Public Safety,101-304: Communications,52910: Total R&M OTHER,COPIERS LEASE AND MAINTENANCE,0,0,0,2450,2467
1247,101: City General,EXPENSES,Public Safety,101-304: Communications,53500: Total OTHER SERVICES,MISC. EXPENSES,1526,2214,3000,600,604
1248,101: City General,EXPENSES,Public Safety,101-304: Communications,54000: Total OFFICE SUPPLIES,OFFICE SUPPLIES,0,0,0,5250,5287
1249,101: City General,EXPENSES,Public Safety,101-304: Communications,54000: Total OFFICE SUPPLIES,STATIONERY,6262,7094,5250,0,0
1250,101: City General,EXPENSES,Public Safety,101-304: Communications,54000: Total OFFICE SUPPLIES,SMALL TOOLS   SHOP SUPPLIES,3950,8939,7000,7000,7049
1251,101: City General,EXPENSES,Public Safety,101-304: Communications,54200: Total COMMUNICATION DEPT SUPPLIES,RADIO PARTS & SUPPLIES,76844,93602,107500,72500,73008
1252,101: City General,EXPENSES,Public Safety,101-304: Communications,54200: Total COMMUNICATION DEPT SUPPLIES,COMMUNICATIONS HARDWARE,4483,5489,0,0,0
1253,101: City General,EXPENSES,Public Safety,101-304: Communications,54200: Total COMMUNICATION DEPT SUPPLIES,CONST & MAINT SUPPLIES,36851,6131,10000,10000,10070
1254,101: City General,EXPENSES,Public Safety,101-304: Communications,54700: Total OTHER SUPPLY,AUTO PARTS,6904,6555,7000,6000,6042
1255,101: City General,EXPENSES,Public Safety,101-304: Communications,54700: Total OTHER SUPPLY,HOUSEKEEPING SUPPLIES,4473,5875,5000,5000,5035
1256,101: City General,EXPENSES,Public Safety,101-907: Emergency Mgmt / Homeland Sec.,50000: Total PERSONNEL SALARIES,SALARIES,272508,256808,408835,361696,365313
1257,101: City General,EXPENSES,Public Safety,101-907: Emergency Mgmt / Homeland Sec.,50000: Total PERSONNEL SALARIES,OVERTIME,2368,718,6000,4000,4000
1258,101: City General,EXPENSES,Public Safety,101-907: Emergency Mgmt / Homeland Sec.,50000: Total PERSONNEL SALARIES,SICK LEAVE,3168,4681,0,0,0
1259,101: City General,EXPENSES,Public Safety,101-907: Emergency Mgmt / Homeland Sec.,50000: Total PERSONNEL SALARIES,VACATION,11363,16082,0,0,0
1260,101: City General,EXPENSES,Public Safety,101-907: Emergency Mgmt / Homeland Sec.,50000: Total PERSONNEL SALARIES,HOLIDAY,20503,21188,0,0,0
1261,101: City General,EXPENSES,Public Safety,101-907: Emergency Mgmt / Homeland Sec.,50000: Total PERSONNEL SALARIES,LONGEVITY,1803,2254,0,0,0
1262,101: City General,EXPENSES,Public Safety,101-907: Emergency Mgmt / Homeland Sec.,51000: Total EMPLOYEE BENEFITS,DENTAL INSURANCE,2395,2107,5280,5280,5280
1263,101: City General,EXPENSES,Public Safety,101-907: Emergency Mgmt / Homeland Sec.,51000: Total EMPLOYEE BENEFITS,HEALTHCARE EE CASH PAYMENT,0,3500,0,0,0
1264,101: City General,EXPENSES,Public Safety,101-907: Emergency Mgmt / Homeland Sec.,51000: Total EMPLOYEE BENEFITS,LABORERS INT'L PENSION,4131,3487,4550,4550,4550
1265,101: City General,EXPENSES,Public Safety,101-907: Emergency Mgmt / Homeland Sec.,51000: Total EMPLOYEE BENEFITS,CITY OF PROVIDENCE PENSION EXPENSE,89209,82762,116633,86232,90742
1266,101: City General,EXPENSES,Public Safety,101-907: Emergency Mgmt / Homeland Sec.,51000: Total EMPLOYEE BENEFITS,F.I.C.A.,23500,22793,27003,31143,31454
1267,101: City General,EXPENSES,Public Safety,101-907: Emergency Mgmt / Homeland Sec.,51000: Total EMPLOYEE BENEFITS,LOCAL 1033 BENEFITS EXPENSE,3401,2632,3444,3640,3801
1268,101: City General,EXPENSES,Public Safety,101-907: Emergency Mgmt / Homeland Sec.,51000: Total EMPLOYEE BENEFITS,TRANSFER TO ACTIVE MEDICAL INS FUND,25245,29755,36304,43764,44639
1269,101: City General,EXPENSES,Public Safety,101-907: Emergency Mgmt / Homeland Sec.,52000: Total DEPARTMENTAL SERVICES,FOOD,4926,728,4525,4000,4028
1270,101: City General,EXPENSES,Public Safety,101-907: Emergency Mgmt / Homeland Sec.,52100: Total G&A SERVICES,POSTAGE,8,2,100,50,50
1271,101: City General,EXPENSES,Public Safety,101-907: Emergency Mgmt / Homeland Sec.,52100: Total G&A SERVICES,DUES & SUBSCRIPTIONS,0,0,0,150,151
1272,101: City General,EXPENSES,Public Safety,101-907: Emergency Mgmt / Homeland Sec.,52400: Total UTILITIES,TELEPHONE,120,0,480,0,0
1273,101: City General,EXPENSES,Public Safety,101-907: Emergency Mgmt / Homeland Sec.,52700: Total TRAINING & DEVELOPMENT,TRAINING,0,2668,5162,5161,5161
1274,101: City General,EXPENSES,Public Safety,101-907: Emergency Mgmt / Homeland Sec.,52800: Total EQUIPMENT,COMMUNICATION EQUIPMENT,9427,0,1000,0,0
1275,101: City General,EXPENSES,Public Safety,101-907: Emergency Mgmt / Homeland Sec.,52910: Total R&M OTHER,MAIN & SERVICE,37417,23615,28162,38982,39255
1276,101: City General,EXPENSES,Public Safety,101-907: Emergency Mgmt / Homeland Sec.,52910: Total R&M OTHER,REPAIRS TO AUTOS & TRUCKS,1419,737,4500,3000,3021
1277,101: City General,EXPENSES,Public Safety,101-907: Emergency Mgmt / Homeland Sec.,52910: Total R&M OTHER,COPIERS LEASE AND MAINTENANCE,0,0,0,3432,3456
1278,101: City General,EXPENSES,Public Safety,101-907: Emergency Mgmt / Homeland Sec.,53000: Total RENT OTHER,RENTAL OF LAND AND BUILDINGS,0,0,46000,0,0
1279,101: City General,EXPENSES,Public Safety,101-907: Emergency Mgmt / Homeland Sec.,53100: Total TRAVEL & ENTERTAINMENT,TRAVEL,3375,385,0,0,0
1280,101: City General,EXPENSES,Public Safety,101-907: Emergency Mgmt / Homeland Sec.,53200: Total PROFESSIONAL FEES,MISCELLANEOUS PROFESSIONAL SERVICES,7000,14000,7000,7500,7553
1281,101: City General,EXPENSES,Public Safety,101-907: Emergency Mgmt / Homeland Sec.,53500: Total OTHER SERVICES,MISC. EXPENSES,22191,10814,21260,22985,23146
1282,101: City General,EXPENSES,Public Safety,101-907: Emergency Mgmt / Homeland Sec.,54000: Total OFFICE SUPPLIES,OFFICE SUPPLIES,0,0,0,1600,1611
1283,101: City General,EXPENSES,Public Safety,101-907: Emergency Mgmt / Homeland Sec.,54000: Total OFFICE SUPPLIES,STATIONERY,483,555,2100,0,0
1284,101: City General,EXPENSES,Public Safety,101-907: Emergency Mgmt / Homeland Sec.,54700: Total OTHER SUPPLY,SUPPLIES,17134,2129,21765,61620,62051
1285,101: City General,EXPENSES,Personnel / Human Resources,101-212: Personnel,50000: Total PERSONNEL SALARIES,SALARIES,941378,1032460,1145259,1540733,1556140
1286,101: City General,EXPENSES,Personnel / Human Resources,101-212: Personnel,50000: Total PERSONNEL SALARIES,SALARIES-TEMPORARIES,4919,860,9000,9000,9000
1287,101: City General,EXPENSES,Personnel / Human Resources,101-212: Personnel,50000: Total PERSONNEL SALARIES,OVERTIME,492,348,2876,2964,2964
1288,101: City General,EXPENSES,Personnel / Human Resources,101-212: Personnel,50000: Total PERSONNEL SALARIES,SICK LEAVE,50529,30933,0,0,0
1289,101: City General,EXPENSES,Personnel / Human Resources,101-212: Personnel,50000: Total PERSONNEL SALARIES,VACATION,85757,59173,0,0,0
1290,101: City General,EXPENSES,Personnel / Human Resources,101-212: Personnel,50000: Total PERSONNEL SALARIES,HOLIDAY,75127,73907,0,0,0
1291,101: City General,EXPENSES,Personnel / Human Resources,101-212: Personnel,50000: Total PERSONNEL SALARIES,LONGEVITY,46377,43035,35442,35405,35759
1292,101: City General,EXPENSES,Personnel / Human Resources,101-212: Personnel,51000: Total EMPLOYEE BENEFITS,DENTAL INSURANCE,17801,17861,20292,20292,20292
1293,101: City General,EXPENSES,Personnel / Human Resources,101-212: Personnel,51000: Total EMPLOYEE BENEFITS,HEALTHCARE EE CASH PAYMENT,11000,13000,0,0,0
1294,101: City General,EXPENSES,Personnel / Human Resources,101-212: Personnel,51000: Total EMPLOYEE BENEFITS,LABORERS INT'L PENSION,37342,45158,59150,59150,59150
1295,101: City General,EXPENSES,Personnel / Human Resources,101-212: Personnel,51000: Total EMPLOYEE BENEFITS,CITY OF PROVIDENCE PENSION EXPENSE,342315,364955,343493,380280,400169
1296,101: City General,EXPENSES,Personnel / Human Resources,101-212: Personnel,51000: Total EMPLOYEE BENEFITS,F.I.C.A.,87553,90352,106978,103531,104566
1297,101: City General,EXPENSES,Personnel / Human Resources,101-212: Personnel,51000: Total EMPLOYEE BENEFITS,AUTO ALLOWANCE,6447,6400,0,0,0
1298,101: City General,EXPENSES,Personnel / Human Resources,101-212: Personnel,51000: Total EMPLOYEE BENEFITS,LOCAL 1033 BENEFITS EXPENSE,29723,34084,44720,47320,49416
1299,101: City General,EXPENSES,Personnel / Human Resources,101-212: Personnel,51000: Total EMPLOYEE BENEFITS,TRANSFER TO ACTIVE MEDICAL INS FUND,215376,214298,272715,315180,321484
1300,101: City General,EXPENSES,Personnel / Human Resources,101-212: Personnel,52100: Total G&A SERVICES,FEES NOT CLASSIFIED,0,1200,0,0,0
1301,101: City General,EXPENSES,Personnel / Human Resources,101-212: Personnel,52100: Total G&A SERVICES,POSTAGE,8455,11113,6000,6000,6000
1302,101: City General,EXPENSES,Personnel / Human Resources,101-212: Personnel,52100: Total G&A SERVICES,DUES & SUBSCRIPTIONS,452,713,0,0,0
1303,101: City General,EXPENSES,Personnel / Human Resources,101-212: Personnel,52700: Total TRAINING & DEVELOPMENT,TRAINING,0,0,0,136004,136004
1304,101: City General,EXPENSES,Personnel / Human Resources,101-212: Personnel,53010: Total RENT EQUIPMENT,RENTALS NO CLASSIFIED,8963,5670,12240,12484,12571
1305,101: City General,EXPENSES,Personnel / Human Resources,101-212: Personnel,53200: Total PROFESSIONAL FEES,LEGAL EXPENSES,22051,17385,25000,25000,25000
1306,101: City General,EXPENSES,Personnel / Human Resources,101-212: Personnel,53200: Total PROFESSIONAL FEES,MISCELLANEOUS PROFESSIONAL SERVICES,0,0,0,500,504
1307,101: City General,EXPENSES,Personnel / Human Resources,101-212: Personnel,53400: Total CONTRACT SERVICES,PRIVATE CONTRACTORS,59616,31241,212628,250928,252684
1308,101: City General,EXPENSES,Personnel / Human Resources,101-212: Personnel,53500: Total OTHER SERVICES,MISC. EXPENSES,25346,19372,15000,500,504
1309,101: City General,EXPENSES,Personnel / Human Resources,101-212: Personnel,54000: Total OFFICE SUPPLIES,OFFICE SUPPLIES,0,0,0,8700,8761
1310,101: City General,EXPENSES,Personnel / Human Resources,101-212: Personnel,54000: Total OFFICE SUPPLIES,STATIONERY,590,210,0,0,0
1311,101: City General,EXPENSES,Information Technology,101-204: Data Processing,50000: Total PERSONNEL SALARIES,SALARIES,1000169,1050481,1295364,1535506,1550861
1312,101: City General,EXPENSES,Information Technology,101-204: Data Processing,50000: Total PERSONNEL SALARIES,SALARIES-TEMPORARIES,0,0,10000,10000,10000
1313,101: City General,EXPENSES,Information Technology,101-204: Data Processing,50000: Total PERSONNEL SALARIES,OVERTIME,14294,12340,9960,12000,12000
1314,101: City General,EXPENSES,Information Technology,101-204: Data Processing,50000: Total PERSONNEL SALARIES,SICK LEAVE,46403,38033,0,0,0
1315,101: City General,EXPENSES,Information Technology,101-204: Data Processing,50000: Total PERSONNEL SALARIES,VACATION,88887,47747,0,0,0
1316,101: City General,EXPENSES,Information Technology,101-204: Data Processing,50000: Total PERSONNEL SALARIES,CALL BACK,0,7392,0,0,0
1317,101: City General,EXPENSES,Information Technology,101-204: Data Processing,50000: Total PERSONNEL SALARIES,HOLIDAY,78597,75060,0,0,0
1318,101: City General,EXPENSES,Information Technology,101-204: Data Processing,50000: Total PERSONNEL SALARIES,LONGEVITY,22742,22774,24893,26743,27010
1319,101: City General,EXPENSES,Information Technology,101-204: Data Processing,50000: Total PERSONNEL SALARIES,DIFFERENTIAL PAY,1365,578,0,0,0
1320,101: City General,EXPENSES,Information Technology,101-204: Data Processing,51000: Total EMPLOYEE BENEFITS,DENTAL INSURANCE,17063,15057,19068,19068,19068
1321,101: City General,EXPENSES,Information Technology,101-204: Data Processing,51000: Total EMPLOYEE BENEFITS,LABORERS INT'L PENSION,37977,46379,63700,63700,63700
1322,101: City General,EXPENSES,Information Technology,101-204: Data Processing,51000: Total EMPLOYEE BENEFITS,CITY OF PROVIDENCE PENSION EXPENSE,352101,362698,375349,377928,397694
1323,101: City General,EXPENSES,Information Technology,101-204: Data Processing,51000: Total EMPLOYEE BENEFITS,F.I.C.A.,92670,92908,128860,121116,122327
1324,101: City General,EXPENSES,Information Technology,101-204: Data Processing,51000: Total EMPLOYEE BENEFITS,LOCAL 1033 BENEFITS EXPENSE,29155,34969,48154,50960,53218
1325,101: City General,EXPENSES,Information Technology,101-204: Data Processing,51000: Total EMPLOYEE BENEFITS,TRANSFER TO ACTIVE MEDICAL INS FUND,231927,203827,261153,299784,305780
1326,101: City General,EXPENSES,Information Technology,101-204: Data Processing,52000: Total DEPARTMENTAL SERVICES,DATA PROC DIV CHARGES,23540,39944,0,0,0
1327,101: City General,EXPENSES,Information Technology,101-204: Data Processing,52100: Total G&A SERVICES,POSTAGE,1904,46,0,0,0
1328,101: City General,EXPENSES,Information Technology,101-204: Data Processing,52400: Total UTILITIES,TELEPHONE,46384,51184,60000,50000,50350
1329,101: City General,EXPENSES,Information Technology,101-204: Data Processing,52800: Total EQUIPMENT,MACHINERY & EQUIPMENT,0,18,0,0,0
1330,101: City General,EXPENSES,Information Technology,101-204: Data Processing,52850: Total COMPUTER EQUIPMENT,COMPUTER EQUIPMENT,270756,225135,203500,203500,204925
1331,101: City General,EXPENSES,Information Technology,101-204: Data Processing,52900: Total R&M EQUIPMENT,REPAIRS TO EQUIPMENT,12406,18116,21900,18000,18126
1332,101: City General,EXPENSES,Information Technology,101-204: Data Processing,52910: Total R&M OTHER,COPIERS LEASE AND MAINTENANCE,0,0,0,10200,10271
1333,101: City General,EXPENSES,Information Technology,101-204: Data Processing,53100: Total TRAVEL & ENTERTAINMENT,TRAVEL,4537,0,500,500,500
1334,101: City General,EXPENSES,Information Technology,101-204: Data Processing,53400: Total CONTRACT SERVICES,PRIVATE CONTRACTORS,183980,76449,146000,379000,381653
1335,101: City General,EXPENSES,Information Technology,101-204: Data Processing,53400: Total CONTRACT SERVICES,INFORMATION TECHNOLOGY,891351,954332,1100148,1088248,1095866
1336,101: City General,EXPENSES,Information Technology,101-204: Data Processing,53500: Total OTHER SERVICES,MISC. EXPENSES,157,89545,1200,1200,1208
1337,101: City General,EXPENSES,Information Technology,101-204: Data Processing,54000: Total OFFICE SUPPLIES,OFFICE SUPPLIES,24764,17234,20600,20000,20140
1338,101: City General,EXPENSES,Information Technology,101-204: Data Processing,54000: Total OFFICE SUPPLIES,STATIONERY,11475,5833,13175,11880,11963
1339,101: City General,EXPENSES,Finance Departments,101-201: Finance,50000: Total PERSONNEL SALARIES,SALARIES,381101,526480,620780,722617,729843
1340,101: City General,EXPENSES,Finance Departments,101-201: Finance,50000: Total PERSONNEL SALARIES,SICK LEAVE,9874,14285,0,0,0
1341,101: City General,EXPENSES,Finance Departments,101-201: Finance,50000: Total PERSONNEL SALARIES,VACATION,38880,39763,0,0,0
1342,101: City General,EXPENSES,Finance Departments,101-201: Finance,50000: Total PERSONNEL SALARIES,HOLIDAY,38157,36117,0,0,0
1343,101: City General,EXPENSES,Finance Departments,101-201: Finance,50000: Total PERSONNEL SALARIES,LONGEVITY,21733,25882,27871,23448,23682
1344,101: City General,EXPENSES,Finance Departments,101-201: Finance,51000: Total EMPLOYEE BENEFITS,DENTAL INSURANCE,5647,5995,5604,5604,5604
1345,101: City General,EXPENSES,Finance Departments,101-201: Finance,51000: Total EMPLOYEE BENEFITS,LABORERS INT'L PENSION,12394,13600,9100,9100,9100
1346,101: City General,EXPENSES,Finance Departments,101-201: Finance,51000: Total EMPLOYEE BENEFITS,CITY OF PROVIDENCE PENSION EXPENSE,165233,187218,181502,195084,205287
1347,101: City General,EXPENSES,Finance Departments,101-201: Finance,51000: Total EMPLOYEE BENEFITS,F.I.C.A.,40749,45285,57980,54314,54857
1348,101: City General,EXPENSES,Finance Departments,101-201: Finance,51000: Total EMPLOYEE BENEFITS,STIPENDS,0,0,0,0,0
1349,101: City General,EXPENSES,Finance Departments,101-201: Finance,51000: Total EMPLOYEE BENEFITS,LOCAL 1033 BENEFITS EXPENSE,10202,10265,6878,7280,7603
1350,101: City General,EXPENSES,Finance Departments,101-201: Finance,51000: Total EMPLOYEE BENEFITS,TRANSFER TO ACTIVE MEDICAL INS FUND,54784,61671,81103,90708,92522
1351,101: City General,EXPENSES,Finance Departments,101-201: Finance,52100: Total G&A SERVICES,FEES NOT CLASSIFIED,0,0,0,17500,17623
1352,101: City General,EXPENSES,Finance Departments,101-201: Finance,52100: Total G&A SERVICES,POSTAGE,345,20,360,360,360
1353,101: City General,EXPENSES,Finance Departments,101-201: Finance,52100: Total G&A SERVICES,DUES & SUBSCRIPTIONS,840,0,1000,3000,3021
1354,101: City General,EXPENSES,Finance Departments,101-201: Finance,52100: Total G&A SERVICES,PRINTING,525,0,4000,4000,4028
1355,101: City General,EXPENSES,Finance Departments,101-201: Finance,52700: Total TRAINING & DEVELOPMENT,TRAINING,0,0,2000,2000,2000
1356,101: City General,EXPENSES,Finance Departments,101-201: Finance,53100: Total TRAVEL & ENTERTAINMENT,TRAVEL,50,0,0,0,0
1357,101: City General,EXPENSES,Finance Departments,101-201: Finance,53400: Total CONTRACT SERVICES,PRIVATE CONTRACTORS,43200,44914,40000,35000,35245
1358,101: City General,EXPENSES,Finance Departments,101-201: Finance,53500: Total OTHER SERVICES,MISC. EXPENSES,24913,128992,36000,24000,24168
1359,101: City General,EXPENSES,Finance Departments,101-201: Finance,54000: Total OFFICE SUPPLIES,OFFICE SUPPLIES,627,4105,3600,3600,3625
1360,101: City General,EXPENSES,Finance Departments,101-201: Finance,54000: Total OFFICE SUPPLIES,STATIONERY,1507,0,0,0,0
1361,101: City General,EXPENSES,Finance Departments,101-202: City Controller,50000: Total PERSONNEL SALARIES,SALARIES,637055,665367,807559,891725,900642
1362,101: City General,EXPENSES,Finance Departments,101-202: City Controller,50000: Total PERSONNEL SALARIES,OVERTIME,1377,8866,0,0,0
1363,101: City General,EXPENSES,Finance Departments,101-202: City Controller,50000: Total PERSONNEL SALARIES,SICK LEAVE,26355,26067,0,0,0
1364,101: City General,EXPENSES,Finance Departments,101-202: City Controller,50000: Total PERSONNEL SALARIES,VACATION,43015,41955,0,0,0
1365,101: City General,EXPENSES,Finance Departments,101-202: City Controller,50000: Total PERSONNEL SALARIES,HOLIDAY,49093,44751,0,0,0
1366,101: City General,EXPENSES,Finance Departments,101-202: City Controller,50000: Total PERSONNEL SALARIES,LONGEVITY,24562,23631,28019,32431,32755
1367,101: City General,EXPENSES,Finance Departments,101-202: City Controller,51000: Total EMPLOYEE BENEFITS,DENTAL INSURANCE,13047,12354,15624,15624,15624
1368,101: City General,EXPENSES,Finance Departments,101-202: City Controller,51000: Total EMPLOYEE BENEFITS,HEALTHCARE EE CASH PAYMENT,1500,1500,0,0,0
1369,101: City General,EXPENSES,Finance Departments,101-202: City Controller,51000: Total EMPLOYEE BENEFITS,LABORERS INT'L PENSION,46240,53876,45500,45500,45500
1370,101: City General,EXPENSES,Finance Departments,101-202: City Controller,51000: Total EMPLOYEE BENEFITS,CITY OF PROVIDENCE PENSION EXPENSE,223277,237867,237901,247860,260823
1371,101: City General,EXPENSES,Finance Departments,101-202: City Controller,51000: Total EMPLOYEE BENEFITS,F.I.C.A.,57513,60589,72540,75670,76427
1372,101: City General,EXPENSES,Finance Departments,101-202: City Controller,51000: Total EMPLOYEE BENEFITS,LOCAL 1033 BENEFITS EXPENSE,38069,40599,34398,36400,38013
1373,101: City General,EXPENSES,Finance Departments,101-202: City Controller,51000: Total EMPLOYEE BENEFITS,TRANSFER TO ACTIVE MEDICAL INS FUND,132520,125796,158922,185016,188716
1374,101: City General,EXPENSES,Finance Departments,101-202: City Controller,52100: Total G&A SERVICES,FEES NOT CLASSIFIED,0,0,0,7020,7069
1375,101: City General,EXPENSES,Finance Departments,101-202: City Controller,52100: Total G&A SERVICES,POSTAGE,3262,13474,3500,3500,3500
1376,101: City General,EXPENSES,Finance Departments,101-202: City Controller,52700: Total TRAINING & DEVELOPMENT,TRAINING,0,0,1000,1000,1000
1377,101: City General,EXPENSES,Finance Departments,101-202: City Controller,52900: Total R&M EQUIPMENT,REPAIRS TO OFFICE EQUIPMENT,0,0,250,250,252
1378,101: City General,EXPENSES,Finance Departments,101-202: City Controller,53500: Total OTHER SERVICES,MISC. EXPENSES,3134,5883,7440,3000,3021
1379,101: City General,EXPENSES,Finance Departments,101-202: City Controller,54000: Total OFFICE SUPPLIES,OFFICE SUPPLIES,0,0,0,2460,2477
1380,101: City General,EXPENSES,Finance Departments,101-202: City Controller,54000: Total OFFICE SUPPLIES,STATIONERY,2387,0,2100,0,0
1381,101: City General,EXPENSES,Finance Departments,101-203: Retirement Office,50000: Total PERSONNEL SALARIES,SALARIES,202067,246160,282384,308203,311285
1382,101: City General,EXPENSES,Finance Departments,101-203: Retirement Office,50000: Total PERSONNEL SALARIES,OVERTIME,0,241,0,0,0
1383,101: City General,EXPENSES,Finance Departments,101-203: Retirement Office,50000: Total PERSONNEL SALARIES,SICK LEAVE,13551,10977,0,0,0
1384,101: City General,EXPENSES,Finance Departments,101-203: Retirement Office,50000: Total PERSONNEL SALARIES,VACATION,17305,15760,0,0,0
1385,101: City General,EXPENSES,Finance Departments,101-203: Retirement Office,50000: Total PERSONNEL SALARIES,HOLIDAY,15963,17507,0,0,0
1386,101: City General,EXPENSES,Finance Departments,101-203: Retirement Office,50000: Total PERSONNEL SALARIES,LONGEVITY,10017,10162,10162,10854,10963
1387,101: City General,EXPENSES,Finance Departments,101-203: Retirement Office,51000: Total EMPLOYEE BENEFITS,DENTAL INSURANCE,4624,5004,5292,5292,5292
1388,101: City General,EXPENSES,Finance Departments,101-203: Retirement Office,51000: Total EMPLOYEE BENEFITS,HEALTHCARE EE CASH PAYMENT,1500,0,0,0,0
1389,101: City General,EXPENSES,Finance Departments,101-203: Retirement Office,51000: Total EMPLOYEE BENEFITS,LABORERS INT'L PENSION,12394,16564,18200,18200,18200
1390,101: City General,EXPENSES,Finance Departments,101-203: Retirement Office,51000: Total EMPLOYEE BENEFITS,CITY OF PROVIDENCE PENSION EXPENSE,74680,89292,83411,93036,97902
1391,101: City General,EXPENSES,Finance Departments,101-203: Retirement Office,51000: Total EMPLOYEE BENEFITS,F.I.C.A.,19444,22167,25423,25938,26197
1392,101: City General,EXPENSES,Finance Departments,101-203: Retirement Office,51000: Total EMPLOYEE BENEFITS,LOCAL 1033 BENEFITS EXPENSE,10202,12502,13756,14560,15205
1393,101: City General,EXPENSES,Finance Departments,101-203: Retirement Office,51000: Total EMPLOYEE BENEFITS,TRANSFER TO ACTIVE MEDICAL INS FUND,57165,58082,72836,85428,87137
1394,101: City General,EXPENSES,Finance Departments,101-203: Retirement Office,52100: Total G&A SERVICES,FEES NOT CLASSIFIED,0,0,120,2400,2417
1395,101: City General,EXPENSES,Finance Departments,101-203: Retirement Office,52100: Total G&A SERVICES,POSTAGE,2031,1914,2100,3000,3000
1396,101: City General,EXPENSES,Finance Departments,101-203: Retirement Office,52100: Total G&A SERVICES,DUES & SUBSCRIPTIONS,0,0,120,0,0
1397,101: City General,EXPENSES,Finance Departments,101-203: Retirement Office,52100: Total G&A SERVICES,PRINTING,250,0,2000,100,101
1398,101: City General,EXPENSES,Finance Departments,101-203: Retirement Office,52800: Total EQUIPMENT,MACHINERY & EQUIPMENT,0,0,180,0,0
1399,101: City General,EXPENSES,Finance Departments,101-203: Retirement Office,52860: Total FURNITURE AND FIXTURES,OFFICE FURNITURE,266,578,0,600,604
1400,101: City General,EXPENSES,Finance Departments,101-203: Retirement Office,52900: Total R&M EQUIPMENT,REPAIRS TO OFFICE EQUIPMENT,988,235,3000,2000,2014
1401,101: City General,EXPENSES,Finance Departments,101-203: Retirement Office,52910: Total R&M OTHER,COPIERS LEASE AND MAINTENANCE,0,0,0,600,604
1402,101: City General,EXPENSES,Finance Departments,101-203: Retirement Office,53200: Total PROFESSIONAL FEES,AUDIT,4749,0,4800,4800,4800
1403,101: City General,EXPENSES,Finance Departments,101-203: Retirement Office,53500: Total OTHER SERVICES,MISC. EXPENSES,6424,4397,6600,2400,2417
1404,101: City General,EXPENSES,Finance Departments,101-203: Retirement Office,54000: Total OFFICE SUPPLIES,OFFICE SUPPLIES,0,0,0,1200,1208
1405,101: City General,EXPENSES,Finance Departments,101-203: Retirement Office,54000: Total OFFICE SUPPLIES,STATIONERY,0,0,210,100,101
1406,101: City General,EXPENSES,Finance Departments,101-205: City Collector,50000: Total PERSONNEL SALARIES,SALARIES,593527,647674,672846,738885,746274
1407,101: City General,EXPENSES,Finance Departments,101-205: City Collector,50000: Total PERSONNEL SALARIES,OVERTIME,173,0,0,0,0
1408,101: City General,EXPENSES,Finance Departments,101-205: City Collector,50000: Total PERSONNEL SALARIES,SICK LEAVE,27348,35430,0,0,0
1409,101: City General,EXPENSES,Finance Departments,101-205: City Collector,50000: Total PERSONNEL SALARIES,VACATION,55383,43682,0,0,0
1410,101: City General,EXPENSES,Finance Departments,101-205: City Collector,50000: Total PERSONNEL SALARIES,HOLIDAY,47322,47726,0,0,0
1411,101: City General,EXPENSES,Finance Departments,101-205: City Collector,50000: Total PERSONNEL SALARIES,LONGEVITY,24882,23758,24103,0,0
1412,101: City General,EXPENSES,Finance Departments,101-205: City Collector,51000: Total EMPLOYEE BENEFITS,DENTAL INSURANCE,15762,14456,19524,19524,19524
1413,101: City General,EXPENSES,Finance Departments,101-205: City Collector,51000: Total EMPLOYEE BENEFITS,HEALTHCARE EE CASH PAYMENT,1500,1500,0,0,0
1414,101: City General,EXPENSES,Finance Departments,101-205: City Collector,51000: Total EMPLOYEE BENEFITS,LABORERS INT'L PENSION,50371,59107,59150,59150,59150
1415,101: City General,EXPENSES,Finance Departments,101-205: City Collector,51000: Total EMPLOYEE BENEFITS,CITY OF PROVIDENCE PENSION EXPENSE,215951,234877,204914,244740,257540
1416,101: City General,EXPENSES,Finance Departments,101-205: City Collector,51000: Total EMPLOYEE BENEFITS,F.I.C.A.,55644,59311,62542,60736,61343
1417,101: City General,EXPENSES,Finance Departments,101-205: City Collector,51000: Total EMPLOYEE BENEFITS,STIPENDS,0,0,0,0,0
1418,101: City General,EXPENSES,Finance Departments,101-205: City Collector,51000: Total EMPLOYEE BENEFITS,LOCAL 1033 BENEFITS EXPENSE,41504,45270,44720,47320,49416
1419,101: City General,EXPENSES,Finance Departments,101-205: City Collector,51000: Total EMPLOYEE BENEFITS,TRANSFER TO ACTIVE MEDICAL INS FUND,132733,132545,170621,194940,198839
1420,101: City General,EXPENSES,Finance Departments,101-205: City Collector,52100: Total G&A SERVICES,FEES NOT CLASSIFIED,601422,535246,600000,600000,604200
1421,101: City General,EXPENSES,Finance Departments,101-205: City Collector,52100: Total G&A SERVICES,POSTAGE,99334,114386,95040,95040,95040
1422,101: City General,EXPENSES,Finance Departments,101-205: City Collector,52100: Total G&A SERVICES,ADVERTISING/MARKETING,16920,20484,20000,20000,20140
1423,101: City General,EXPENSES,Finance Departments,101-205: City Collector,52100: Total G&A SERVICES,DUES & SUBSCRIPTIONS,371,296,535,535,539
1424,101: City General,EXPENSES,Finance Departments,101-205: City Collector,52100: Total G&A SERVICES,PRINTING,1355,0,41500,41500,41791
1425,101: City General,EXPENSES,Finance Departments,101-205: City Collector,52500: Total BANK CHARGES,TELLER SHORTAGE/OVERAGE,67,0,0,0,0
1426,101: City General,EXPENSES,Finance Departments,101-205: City Collector,53200: Total PROFESSIONAL FEES,EXAMINING TITLES,143116,106680,150465,157750,157750
1427,101: City General,EXPENSES,Finance Departments,101-205: City Collector,53200: Total PROFESSIONAL FEES,AUCTIONEERS SERVICES,300,0,350,12500,12500
1428,101: City General,EXPENSES,Finance Departments,101-205: City Collector,53500: Total OTHER SERVICES,MISC. EXPENSES,21566,14194,20304,20704,20849
1429,101: City General,EXPENSES,Finance Departments,101-205: City Collector,54000: Total OFFICE SUPPLIES,OFFICE SUPPLIES,0,0,0,3980,4008
1430,101: City General,EXPENSES,Finance Departments,101-205: City Collector,54000: Total OFFICE SUPPLIES,STATIONERY,7216,5991,7266,3286,3309
1431,101: City General,EXPENSES,Finance Departments,101-207: City Tax Assessor,50000: Total PERSONNEL SALARIES,SALARIES,805652,865930,922272,1074159,1084901
1432,101: City General,EXPENSES,Finance Departments,101-207: City Tax Assessor,50000: Total PERSONNEL SALARIES,SICK LEAVE,32711,29049,0,0,0
1433,101: City General,EXPENSES,Finance Departments,101-207: City Tax Assessor,50000: Total PERSONNEL SALARIES,VACATION,59069,52300,0,0,0
1434,101: City General,EXPENSES,Finance Departments,101-207: City Tax Assessor,50000: Total PERSONNEL SALARIES,HOLIDAY,61438,61773,0,0,0
1435,101: City General,EXPENSES,Finance Departments,101-207: City Tax Assessor,50000: Total PERSONNEL SALARIES,LONGEVITY,22280,24349,26469,25421,25675
1436,101: City General,EXPENSES,Finance Departments,101-207: City Tax Assessor,51000: Total EMPLOYEE BENEFITS,DENTAL INSURANCE,13400,15276,16164,16164,16164
1437,101: City General,EXPENSES,Finance Departments,101-207: City Tax Assessor,51000: Total EMPLOYEE BENEFITS,HEALTHCARE EE CASH PAYMENT,1500,3000,0,0,0
1438,101: City General,EXPENSES,Finance Departments,101-207: City Tax Assessor,51000: Total EMPLOYEE BENEFITS,LABORERS INT'L PENSION,55138,63466,68250,68250,68250
1439,101: City General,EXPENSES,Finance Departments,101-207: City Tax Assessor,51000: Total EMPLOYEE BENEFITS,CITY OF PROVIDENCE PENSION EXPENSE,282965,303838,271666,316596,333154
1440,101: City General,EXPENSES,Finance Departments,101-207: City Tax Assessor,51000: Total EMPLOYEE BENEFITS,F.I.C.A.,73323,76610,85625,80161,80963
1441,101: City General,EXPENSES,Finance Departments,101-207: City Tax Assessor,51000: Total EMPLOYEE BENEFITS,AUTO ALLOWANCE,8011,121,3120,0,0
1442,101: City General,EXPENSES,Finance Departments,101-207: City Tax Assessor,51000: Total EMPLOYEE BENEFITS,LOCAL 1033 BENEFITS EXPENSE,45388,47902,51598,54600,57019
1443,101: City General,EXPENSES,Finance Departments,101-207: City Tax Assessor,51000: Total EMPLOYEE BENEFITS,TRANSFER TO ACTIVE MEDICAL INS FUND,143248,156040,194576,229500,234090
1444,101: City General,EXPENSES,Finance Departments,101-207: City Tax Assessor,52100: Total G&A SERVICES,POSTAGE,6106,4625,4000,4000,4000
1445,101: City General,EXPENSES,Finance Departments,101-207: City Tax Assessor,52100: Total G&A SERVICES,DUES & SUBSCRIPTIONS,3311,1774,5000,5000,5035
1446,101: City General,EXPENSES,Finance Departments,101-207: City Tax Assessor,52100: Total G&A SERVICES,PRINTING,3274,5338,5500,6500,6546
1447,101: City General,EXPENSES,Finance Departments,101-207: City Tax Assessor,52900: Total R&M EQUIPMENT,REPAIRS TO OFFICE EQUIPMENT,133,0,1000,1000,1007
1448,101: City General,EXPENSES,Finance Departments,101-207: City Tax Assessor,53400: Total CONTRACT SERVICES,PRIVATE CONTRACTORS,1127244,7033,10000,12950,13041
1449,101: City General,EXPENSES,Finance Departments,101-207: City Tax Assessor,53400: Total CONTRACT SERVICES,CONTRACTUAL SERVICES/TRAINING,20072,103009,27580,554627,27580
1450,101: City General,EXPENSES,Finance Departments,101-207: City Tax Assessor,53500: Total OTHER SERVICES,MISC. EXPENSES,5962,2769,8000,6000,6042
1451,101: City General,EXPENSES,Finance Departments,101-207: City Tax Assessor,54000: Total OFFICE SUPPLIES,OFFICE SUPPLIES,3623,1943,4500,4500,4532
1452,101: City General,EXPENSES,Finance Departments,101-208: Board of Tax Assessment&Review,50000: Total PERSONNEL SALARIES,SALARIES,14171,17960,16000,16000,16000
1453,101: City General,EXPENSES,Finance Departments,101-208: Board of Tax Assessment&Review,51000: Total EMPLOYEE BENEFITS,F.I.C.A.,1084,1374,1453,1224,1236
1454,101: City General,EXPENSES,Finance Departments,101-901: Recorder of Deeds,50000: Total PERSONNEL SALARIES,SALARIES,175891,228020,187955,220018,222218
1455,101: City General,EXPENSES,Finance Departments,101-901: Recorder of Deeds,50000: Total PERSONNEL SALARIES,SICK LEAVE,9034,8144,0,0,0
1456,101: City General,EXPENSES,Finance Departments,101-901: Recorder of Deeds,50000: Total PERSONNEL SALARIES,VACATION,17840,10977,0,0,0
1457,101: City General,EXPENSES,Finance Departments,101-901: Recorder of Deeds,50000: Total PERSONNEL SALARIES,HOLIDAY,13864,16015,0,0,0
1458,101: City General,EXPENSES,Finance Departments,101-901: Recorder of Deeds,50000: Total PERSONNEL SALARIES,LONGEVITY,8210,8758,9402,9591,9687
1459,101: City General,EXPENSES,Finance Departments,101-901: Recorder of Deeds,51000: Total EMPLOYEE BENEFITS,DENTAL INSURANCE,5572,6131,6444,6444,6444
1460,101: City General,EXPENSES,Finance Departments,101-901: Recorder of Deeds,51000: Total EMPLOYEE BENEFITS,LABORERS INT'L PENSION,20657,27025,22750,22750,22750
1461,101: City General,EXPENSES,Finance Departments,101-901: Recorder of Deeds,51000: Total EMPLOYEE BENEFITS,CITY OF PROVIDENCE PENSION EXPENSE,64845,80683,58363,84072,88469
1462,101: City General,EXPENSES,Finance Departments,101-901: Recorder of Deeds,51000: Total EMPLOYEE BENEFITS,F.I.C.A.,16362,19865,17801,18330,18513
1463,101: City General,EXPENSES,Finance Departments,101-901: Recorder of Deeds,51000: Total EMPLOYEE BENEFITS,LOCAL 1033 BENEFITS EXPENSE,17003,20398,17200,18200,19006
1464,101: City General,EXPENSES,Finance Departments,101-901: Recorder of Deeds,51000: Total EMPLOYEE BENEFITS,TRANSFER TO ACTIVE MEDICAL INS FUND,82564,81138,102812,119340,121727
1465,101: City General,EXPENSES,Finance Departments,101-901: Recorder of Deeds,52100: Total G&A SERVICES,POSTAGE,373,595,360,360,360
1466,101: City General,EXPENSES,Finance Departments,101-901: Recorder of Deeds,52910: Total R&M OTHER,COPIERS LEASE AND MAINTENANCE,0,0,0,2700,2719
1467,101: City General,EXPENSES,Finance Departments,101-901: Recorder of Deeds,53000: Total RENT OTHER,RENTAL OF LAND AND BUILDINGS,2402,1890,1944,744,749
1468,101: City General,EXPENSES,Finance Departments,101-901: Recorder of Deeds,53010: Total RENT EQUIPMENT,RENTAL OF EQUIPMENT,2478,2475,2700,0,0
1469,101: City General,EXPENSES,Finance Departments,101-901: Recorder of Deeds,53400: Total CONTRACT SERVICES,PRIVATE CONTRACTORS,93675,97298,77380,76500,77036
1470,101: City General,EXPENSES,Finance Departments,101-901: Recorder of Deeds,53500: Total OTHER SERVICES,MISC. EXPENSES,509,213,748,744,749
1471,101: City General,EXPENSES,Finance Departments,101-901: Recorder of Deeds,54000: Total OFFICE SUPPLIES,OFFICE SUPPLIES,0,0,0,744,749
1472,101: City General,EXPENSES,Finance Departments,101-901: Recorder of Deeds,54000: Total OFFICE SUPPLIES,STATIONERY,747,725,739,0,0
1473,101: City General,EXPENSES,Law Department / City Solicitor,101-105: Law Department,50000: Total PERSONNEL SALARIES,SALARIES,1799368,1898977,2122023,2331546,2354861
1474,101: City General,EXPENSES,Law Department / City Solicitor,101-105: Law Department,50000: Total PERSONNEL SALARIES,OVERTIME,15455,10511,9000,9000,9000
1475,101: City General,EXPENSES,Law Department / City Solicitor,101-105: Law Department,50000: Total PERSONNEL SALARIES,SICK LEAVE,80211,51165,0,0,0
1476,101: City General,EXPENSES,Law Department / City Solicitor,101-105: Law Department,50000: Total PERSONNEL SALARIES,VACATION,144387,136338,0,0,0
1477,101: City General,EXPENSES,Law Department / City Solicitor,101-105: Law Department,50000: Total PERSONNEL SALARIES,HOLIDAY,154444,142565,0,0,0
1478,101: City General,EXPENSES,Law Department / City Solicitor,101-105: Law Department,50000: Total PERSONNEL SALARIES,LONGEVITY,52265,58686,64872,59910,60509
1479,101: City General,EXPENSES,Law Department / City Solicitor,101-105: Law Department,51000: Total EMPLOYEE BENEFITS,DENTAL INSURANCE,27086,23926,28536,28536,28536
1480,101: City General,EXPENSES,Law Department / City Solicitor,101-105: Law Department,51000: Total EMPLOYEE BENEFITS,HEALTHCARE EE CASH PAYMENT,2000,2000,0,0,0
1481,101: City General,EXPENSES,Law Department / City Solicitor,101-105: Law Department,51000: Total EMPLOYEE BENEFITS,LABORERS INT'L PENSION,23358,27200,27300,27300,27300
1482,101: City General,EXPENSES,Law Department / City Solicitor,101-105: Law Department,51000: Total EMPLOYEE BENEFITS,CITY OF PROVIDENCE PENSION EXPENSE,688816,749450,621156,780912,821754
1483,101: City General,EXPENSES,Law Department / City Solicitor,101-105: Law Department,51000: Total EMPLOYEE BENEFITS,F.I.C.A.,176951,189562,209160,205026,207076
1484,101: City General,EXPENSES,Law Department / City Solicitor,101-105: Law Department,51000: Total EMPLOYEE BENEFITS,STIPENDS,0,0,0,0,0
1485,101: City General,EXPENSES,Law Department / City Solicitor,101-105: Law Department,51000: Total EMPLOYEE BENEFITS,AUTO ALLOWANCE,4518,3389,4524,4517,4517
1486,101: City General,EXPENSES,Law Department / City Solicitor,101-105: Law Department,51000: Total EMPLOYEE BENEFITS,LOCAL 1033 BENEFITS EXPENSE,19232,20530,20642,21840,22808
1487,101: City General,EXPENSES,Law Department / City Solicitor,101-105: Law Department,51000: Total EMPLOYEE BENEFITS,TRANSFER TO ACTIVE MEDICAL INS FUND,400989,356322,448557,524076,534558
1488,101: City General,EXPENSES,Law Department / City Solicitor,101-105: Law Department,52100: Total G&A SERVICES,FEES NOT CLASSIFIED,1237214,1174518,1350000,1162000,1170134
1489,101: City General,EXPENSES,Law Department / City Solicitor,101-105: Law Department,52100: Total G&A SERVICES,POSTAGE,4474,2687,3300,3300,3300
1490,101: City General,EXPENSES,Law Department / City Solicitor,101-105: Law Department,52100: Total G&A SERVICES,DUES & SUBSCRIPTIONS,14006,7739,12000,11471,11551
1491,101: City General,EXPENSES,Law Department / City Solicitor,101-105: Law Department,52100: Total G&A SERVICES,PAY OF CLAIMS & DAMAGES,1807273,1372222,800040,800400,800400
1492,101: City General,EXPENSES,Law Department / City Solicitor,101-105: Law Department,52860: Total FURNITURE AND FIXTURES,OFFICE FURNITURE,513,2012,1000,2500,2518
1493,101: City General,EXPENSES,Law Department / City Solicitor,101-105: Law Department,52900: Total R&M EQUIPMENT,REPAIRS TO OFFICE EQUIPMENT,1120,728,1200,1200,1208
1494,101: City General,EXPENSES,Law Department / City Solicitor,101-105: Law Department,53000: Total RENT OTHER,RENTAL OF LAND AND BUILDINGS,201082,230499,236568,237454,239116
1495,101: City General,EXPENSES,Law Department / City Solicitor,101-105: Law Department,53400: Total CONTRACT SERVICES,CONTRACTUAL SERVICES/TRAINING,24711,15119,30000,5520,5559
1496,101: City General,EXPENSES,Law Department / City Solicitor,101-105: Law Department,53500: Total OTHER SERVICES,MISC. EXPENSES,4710,5076,4800,4800,4834
1497,101: City General,EXPENSES,Law Department / City Solicitor,101-105: Law Department,54000: Total OFFICE SUPPLIES,STATIONERY,5303,3812,3864,3864,3891
1498,101: City General,EXPENSES,Law Department / City Solicitor,101-105: Law Department,54600: Total SCHOOL SUPPLIES,REFERENCE BOOKS,40780,51767,48000,48000,48336
1499,101: City General,EXPENSES,Mayoral Offices,101-101: Mayor's Office,50000: Total PERSONNEL SALARIES,SALARIES,1673814,1853395,2087096,2485954,2510814
1500,101: City General,EXPENSES,Mayoral Offices,101-101: Mayor's Office,50000: Total PERSONNEL SALARIES,SALARIES-TEMPORARIES,1400,260,11000,11000,11000
1501,101: City General,EXPENSES,Mayoral Offices,101-101: Mayor's Office,50000: Total PERSONNEL SALARIES,OVERTIME,0,0,0,0,0
1502,101: City General,EXPENSES,Mayoral Offices,101-101: Mayor's Office,50000: Total PERSONNEL SALARIES,SICK LEAVE,42448,39520,0,0,0
1503,101: City General,EXPENSES,Mayoral Offices,101-101: Mayor's Office,50000: Total PERSONNEL SALARIES,VACATION,51546,69298,0,0,0
1504,101: City General,EXPENSES,Mayoral Offices,101-101: Mayor's Office,50000: Total PERSONNEL SALARIES,HOLIDAY,122652,120954,0,0,0
1505,101: City General,EXPENSES,Mayoral Offices,101-101: Mayor's Office,50000: Total PERSONNEL SALARIES,LONGEVITY,0,1650,0,0,0
1506,101: City General,EXPENSES,Mayoral Offices,101-101: Mayor's Office,51000: Total EMPLOYEE BENEFITS,DENTAL INSURANCE,12905,14554,16212,16212,16212
1507,101: City General,EXPENSES,Mayoral Offices,101-101: Mayor's Office,51000: Total EMPLOYEE BENEFITS,HEALTHCARE EE CASH PAYMENT,4000,2000,0,0,0
1508,101: City General,EXPENSES,Mayoral Offices,101-101: Mayor's Office,51000: Total EMPLOYEE BENEFITS,CITY OF PROVIDENCE PENSION EXPENSE,519018,596782,574995,621840,654362
1509,101: City General,EXPENSES,Mayoral Offices,101-101: Mayor's Office,51000: Total EMPLOYEE BENEFITS,F.I.C.A.,140985,155021,171632,171632,173348
1510,101: City General,EXPENSES,Mayoral Offices,101-101: Mayor's Office,51000: Total EMPLOYEE BENEFITS,TRANSFER TO ACTIVE MEDICAL INS FUND,250594,271488,342917,399300,407286
1511,101: City General,EXPENSES,Mayoral Offices,101-101: Mayor's Office,52100: Total G&A SERVICES,POSTAGE,2189,1344,5400,5400,5400
1512,101: City General,EXPENSES,Mayoral Offices,101-101: Mayor's Office,52100: Total G&A SERVICES,ADVERTISING/MARKETING,15213,9169,15930,15930,16042
1513,101: City General,EXPENSES,Mayoral Offices,101-101: Mayor's Office,52100: Total G&A SERVICES,DUES & SUBSCRIPTIONS,6012,6459,6080,6080,6123
1514,101: City General,EXPENSES,Mayoral Offices,101-101: Mayor's Office,52100: Total G&A SERVICES,PRINTING,8821,6867,13500,13500,13595
1515,101: City General,EXPENSES,Mayoral Offices,101-101: Mayor's Office,52880: Total OTHER CAPITAL EXPENSES,MISC PROJECT EXPENSE,42,0,0,0,0
1516,101: City General,EXPENSES,Mayoral Offices,101-101: Mayor's Office,52900: Total R&M EQUIPMENT,REPAIRS TO OFFICE EQUIPMENT,0,0,1620,1620,1631
1517,101: City General,EXPENSES,Mayoral Offices,101-101: Mayor's Office,53010: Total RENT EQUIPMENT,RENTALS NO CLASSIFIED,0,0,1620,1620,1631
1518,101: City General,EXPENSES,Mayoral Offices,101-101: Mayor's Office,53100: Total TRAVEL & ENTERTAINMENT,TRANSPORTATION OF PERSONS-TRAINING,0,0,2000,2000,2000
1519,101: City General,EXPENSES,Mayoral Offices,101-101: Mayor's Office,53500: Total OTHER SERVICES,MISC. EXPENSES,12161,9059,9000,9000,9063
1520,101: City General,EXPENSES,Mayoral Offices,101-101: Mayor's Office,54000: Total OFFICE SUPPLIES,STATIONERY,6071,6608,6804,6804,6852
1521,101: City General,EXPENSES,Mayoral Offices,101-101: Mayor's Office,55000: Total OTHER EXPENDITURES,CEREMONIES,8102,5852,8100,8100,8100
1522,101: City General,EXPENSES,Mayoral Offices,101-101: Mayor's Office,55000: Total OTHER EXPENDITURES,CONTINGENCIES,89669,94136,95000,200000,200000
1523,101: City General,EXPENSES,Mayoral Offices,101-104: City Sergeant,50000: Total PERSONNEL SALARIES,SALARIES,41093,44032,53200,58178,58760
1524,101: City General,EXPENSES,Mayoral Offices,101-104: City Sergeant,50000: Total PERSONNEL SALARIES,SICK LEAVE,1397,4640,0,0,0
1525,101: City General,EXPENSES,Mayoral Offices,101-104: City Sergeant,50000: Total PERSONNEL SALARIES,VACATION,4242,1687,0,0,0
1526,101: City General,EXPENSES,Mayoral Offices,101-104: City Sergeant,50000: Total PERSONNEL SALARIES,HOLIDAY,3655,3164,0,0,0
1527,101: City General,EXPENSES,Mayoral Offices,101-104: City Sergeant,50000: Total PERSONNEL SALARIES,LONGEVITY,1482,1613,1645,1695,1712
1528,101: City General,EXPENSES,Mayoral Offices,101-104: City Sergeant,51000: Total EMPLOYEE BENEFITS,DENTAL INSURANCE,1280,1197,1476,1476,1476
1529,101: City General,EXPENSES,Mayoral Offices,101-104: City Sergeant,51000: Total EMPLOYEE BENEFITS,CITY OF PROVIDENCE PENSION EXPENSE,14961,16050,14963,16728,17603
1530,101: City General,EXPENSES,Mayoral Offices,101-104: City Sergeant,51000: Total EMPLOYEE BENEFITS,F.I.C.A.,3650,3896,4404,4321,4364
1531,101: City General,EXPENSES,Mayoral Offices,101-104: City Sergeant,51000: Total EMPLOYEE BENEFITS,TRANSFER TO ACTIVE MEDICAL INS FUND,19524,18407,23397,27072,27613
1532,101: City General,EXPENSES,Mayoral Offices,101-104: City Sergeant,52100: Total G&A SERVICES,POSTAGE,0,0,0,0,0
